[run number],payoff-include-votes-cost?,behavior-under-qv,calibration,variance-of-pmp,number-of-voters,voting-mechanism,marginal-pivotality,utility-pmp-correlation,limit-votes?,[step],mean payoff-sign-list,average payoff
1,FALSE,rational,2. prop8-mean=0,0.01,501,QV,0.5,-1,FALSE,1000,0.835,0.8235
2,FALSE,rational,2. prop8-mean=0,0.01,501,QV,0.5,-1,FALSE,1000,0.804,0.8235
3,FALSE,rational,2. prop8-mean=0,0.01,501,QV,0.5,-1,FALSE,1000,0.828,0.8235
4,FALSE,rational,2. prop8-mean=0,0.01,501,QV,0.5,-1,FALSE,1000,0.833,0.8235
5,FALSE,rational,2. prop8-mean=0,0.01,501,QV,0.5,-1,FALSE,1000,0.792,0.8235
6,FALSE,rational,2. prop8-mean=0,0.01,501,QV,0.5,-1,FALSE,1000,0.831,0.8235
7,FALSE,rational,2. prop8-mean=0,0.01,501,QV,0.5,-1,FALSE,1000,0.82,0.8235
8,FALSE,rational,2. prop8-mean=0,0.01,501,QV,0.5,-1,FALSE,1000,0.833,0.8235
9,FALSE,rational,2. prop8-mean=0,0.01,501,QV,0.5,-1,FALSE,1000,0.816,0.8235
10,FALSE,rational,2. prop8-mean=0,0.01,501,QV,0.5,-1,FALSE,1000,0.843,0.8235
411,FALSE,rational,2. prop8-mean=0,0.01,1001,QV,0.5,-1,FALSE,1000,0.834,0.8276
412,FALSE,rational,2. prop8-mean=0,0.01,1001,QV,0.5,-1,FALSE,1000,0.84,0.8276
413,FALSE,rational,2. prop8-mean=0,0.01,1001,QV,0.5,-1,FALSE,1000,0.818,0.8276
414,FALSE,rational,2. prop8-mean=0,0.01,1001,QV,0.5,-1,FALSE,1000,0.827,0.8276
415,FALSE,rational,2. prop8-mean=0,0.01,1001,QV,0.5,-1,FALSE,1000,0.828,0.8276
416,FALSE,rational,2. prop8-mean=0,0.01,1001,QV,0.5,-1,FALSE,1000,0.821,0.8276
417,FALSE,rational,2. prop8-mean=0,0.01,1001,QV,0.5,-1,FALSE,1000,0.819,0.8276
418,FALSE,rational,2. prop8-mean=0,0.01,1001,QV,0.5,-1,FALSE,1000,0.832,0.8276
419,FALSE,rational,2. prop8-mean=0,0.01,1001,QV,0.5,-1,FALSE,1000,0.826,0.8276
420,FALSE,rational,2. prop8-mean=0,0.01,1001,QV,0.5,-1,FALSE,1000,0.831,0.8276
11,FALSE,rational,2. prop8-mean=0,0.01,501,QV,0.5,-0.95,FALSE,1000,0.818,0.8303
12,FALSE,rational,2. prop8-mean=0,0.01,501,QV,0.5,-0.95,FALSE,1000,0.836,0.8303
13,FALSE,rational,2. prop8-mean=0,0.01,501,QV,0.5,-0.95,FALSE,1000,0.845,0.8303
14,FALSE,rational,2. prop8-mean=0,0.01,501,QV,0.5,-0.95,FALSE,1000,0.838,0.8303
15,FALSE,rational,2. prop8-mean=0,0.01,501,QV,0.5,-0.95,FALSE,1000,0.83,0.8303
16,FALSE,rational,2. prop8-mean=0,0.01,501,QV,0.5,-0.95,FALSE,1000,0.82,0.8303
17,FALSE,rational,2. prop8-mean=0,0.01,501,QV,0.5,-0.95,FALSE,1000,0.821,0.8303
18,FALSE,rational,2. prop8-mean=0,0.01,501,QV,0.5,-0.95,FALSE,1000,0.838,0.8303
19,FALSE,rational,2. prop8-mean=0,0.01,501,QV,0.5,-0.95,FALSE,1000,0.836,0.8303
20,FALSE,rational,2. prop8-mean=0,0.01,501,QV,0.5,-0.95,FALSE,1000,0.821,0.8303
421,FALSE,rational,2. prop8-mean=0,0.01,1001,QV,0.5,-0.95,FALSE,1000,0.822,0.8307
422,FALSE,rational,2. prop8-mean=0,0.01,1001,QV,0.5,-0.95,FALSE,1000,0.833,0.8307
423,FALSE,rational,2. prop8-mean=0,0.01,1001,QV,0.5,-0.95,FALSE,1000,0.827,0.8307
424,FALSE,rational,2. prop8-mean=0,0.01,1001,QV,0.5,-0.95,FALSE,1000,0.824,0.8307
425,FALSE,rational,2. prop8-mean=0,0.01,1001,QV,0.5,-0.95,FALSE,1000,0.833,0.8307
426,FALSE,rational,2. prop8-mean=0,0.01,1001,QV,0.5,-0.95,FALSE,1000,0.82,0.8307
427,FALSE,rational,2. prop8-mean=0,0.01,1001,QV,0.5,-0.95,FALSE,1000,0.837,0.8307
428,FALSE,rational,2. prop8-mean=0,0.01,1001,QV,0.5,-0.95,FALSE,1000,0.824,0.8307
429,FALSE,rational,2. prop8-mean=0,0.01,1001,QV,0.5,-0.95,FALSE,1000,0.856,0.8307
430,FALSE,rational,2. prop8-mean=0,0.01,1001,QV,0.5,-0.95,FALSE,1000,0.831,0.8307
21,FALSE,rational,2. prop8-mean=0,0.01,501,QV,0.5,-0.9,FALSE,1000,0.84,0.8453
22,FALSE,rational,2. prop8-mean=0,0.01,501,QV,0.5,-0.9,FALSE,1000,0.867,0.8453
23,FALSE,rational,2. prop8-mean=0,0.01,501,QV,0.5,-0.9,FALSE,1000,0.852,0.8453
24,FALSE,rational,2. prop8-mean=0,0.01,501,QV,0.5,-0.9,FALSE,1000,0.811,0.8453
25,FALSE,rational,2. prop8-mean=0,0.01,501,QV,0.5,-0.9,FALSE,1000,0.838,0.8453
26,FALSE,rational,2. prop8-mean=0,0.01,501,QV,0.5,-0.9,FALSE,1000,0.846,0.8453
27,FALSE,rational,2. prop8-mean=0,0.01,501,QV,0.5,-0.9,FALSE,1000,0.851,0.8453
28,FALSE,rational,2. prop8-mean=0,0.01,501,QV,0.5,-0.9,FALSE,1000,0.855,0.8453
29,FALSE,rational,2. prop8-mean=0,0.01,501,QV,0.5,-0.9,FALSE,1000,0.85,0.8453
30,FALSE,rational,2. prop8-mean=0,0.01,501,QV,0.5,-0.9,FALSE,1000,0.843,0.8453
431,FALSE,rational,2. prop8-mean=0,0.01,1001,QV,0.5,-0.9,FALSE,1000,0.851,0.8492
432,FALSE,rational,2. prop8-mean=0,0.01,1001,QV,0.5,-0.9,FALSE,1000,0.833,0.8492
433,FALSE,rational,2. prop8-mean=0,0.01,1001,QV,0.5,-0.9,FALSE,1000,0.857,0.8492
434,FALSE,rational,2. prop8-mean=0,0.01,1001,QV,0.5,-0.9,FALSE,1000,0.854,0.8492
435,FALSE,rational,2. prop8-mean=0,0.01,1001,QV,0.5,-0.9,FALSE,1000,0.865,0.8492
436,FALSE,rational,2. prop8-mean=0,0.01,1001,QV,0.5,-0.9,FALSE,1000,0.821,0.8492
437,FALSE,rational,2. prop8-mean=0,0.01,1001,QV,0.5,-0.9,FALSE,1000,0.845,0.8492
438,FALSE,rational,2. prop8-mean=0,0.01,1001,QV,0.5,-0.9,FALSE,1000,0.845,0.8492
439,FALSE,rational,2. prop8-mean=0,0.01,1001,QV,0.5,-0.9,FALSE,1000,0.856,0.8492
440,FALSE,rational,2. prop8-mean=0,0.01,1001,QV,0.5,-0.9,FALSE,1000,0.865,0.8492
31,FALSE,rational,2. prop8-mean=0,0.01,501,QV,0.5,-0.85,FALSE,1000,0.84,0.8532
32,FALSE,rational,2. prop8-mean=0,0.01,501,QV,0.5,-0.85,FALSE,1000,0.847,0.8532
33,FALSE,rational,2. prop8-mean=0,0.01,501,QV,0.5,-0.85,FALSE,1000,0.841,0.8532
34,FALSE,rational,2. prop8-mean=0,0.01,501,QV,0.5,-0.85,FALSE,1000,0.857,0.8532
35,FALSE,rational,2. prop8-mean=0,0.01,501,QV,0.5,-0.85,FALSE,1000,0.851,0.8532
36,FALSE,rational,2. prop8-mean=0,0.01,501,QV,0.5,-0.85,FALSE,1000,0.859,0.8532
37,FALSE,rational,2. prop8-mean=0,0.01,501,QV,0.5,-0.85,FALSE,1000,0.859,0.8532
38,FALSE,rational,2. prop8-mean=0,0.01,501,QV,0.5,-0.85,FALSE,1000,0.85,0.8532
39,FALSE,rational,2. prop8-mean=0,0.01,501,QV,0.5,-0.85,FALSE,1000,0.872,0.8532
40,FALSE,rational,2. prop8-mean=0,0.01,501,QV,0.5,-0.85,FALSE,1000,0.856,0.8532
441,FALSE,rational,2. prop8-mean=0,0.01,1001,QV,0.5,-0.85,FALSE,1000,0.859,0.864
442,FALSE,rational,2. prop8-mean=0,0.01,1001,QV,0.5,-0.85,FALSE,1000,0.848,0.864
443,FALSE,rational,2. prop8-mean=0,0.01,1001,QV,0.5,-0.85,FALSE,1000,0.864,0.864
444,FALSE,rational,2. prop8-mean=0,0.01,1001,QV,0.5,-0.85,FALSE,1000,0.867,0.864
445,FALSE,rational,2. prop8-mean=0,0.01,1001,QV,0.5,-0.85,FALSE,1000,0.868,0.864
446,FALSE,rational,2. prop8-mean=0,0.01,1001,QV,0.5,-0.85,FALSE,1000,0.852,0.864
447,FALSE,rational,2. prop8-mean=0,0.01,1001,QV,0.5,-0.85,FALSE,1000,0.86,0.864
448,FALSE,rational,2. prop8-mean=0,0.01,1001,QV,0.5,-0.85,FALSE,1000,0.868,0.864
449,FALSE,rational,2. prop8-mean=0,0.01,1001,QV,0.5,-0.85,FALSE,1000,0.872,0.864
450,FALSE,rational,2. prop8-mean=0,0.01,1001,QV,0.5,-0.85,FALSE,1000,0.882,0.864
41,FALSE,rational,2. prop8-mean=0,0.01,501,QV,0.5,-0.8,FALSE,1000,0.87,0.8703
42,FALSE,rational,2. prop8-mean=0,0.01,501,QV,0.5,-0.8,FALSE,1000,0.87,0.8703
43,FALSE,rational,2. prop8-mean=0,0.01,501,QV,0.5,-0.8,FALSE,1000,0.875,0.8703
44,FALSE,rational,2. prop8-mean=0,0.01,501,QV,0.5,-0.8,FALSE,1000,0.87,0.8703
45,FALSE,rational,2. prop8-mean=0,0.01,501,QV,0.5,-0.8,FALSE,1000,0.876,0.8703
46,FALSE,rational,2. prop8-mean=0,0.01,501,QV,0.5,-0.8,FALSE,1000,0.876,0.8703
47,FALSE,rational,2. prop8-mean=0,0.01,501,QV,0.5,-0.8,FALSE,1000,0.865,0.8703
48,FALSE,rational,2. prop8-mean=0,0.01,501,QV,0.5,-0.8,FALSE,1000,0.866,0.8703
49,FALSE,rational,2. prop8-mean=0,0.01,501,QV,0.5,-0.8,FALSE,1000,0.865,0.8703
50,FALSE,rational,2. prop8-mean=0,0.01,501,QV,0.5,-0.8,FALSE,1000,0.87,0.8703
451,FALSE,rational,2. prop8-mean=0,0.01,1001,QV,0.5,-0.8,FALSE,1000,0.878,0.8723
452,FALSE,rational,2. prop8-mean=0,0.01,1001,QV,0.5,-0.8,FALSE,1000,0.878,0.8723
453,FALSE,rational,2. prop8-mean=0,0.01,1001,QV,0.5,-0.8,FALSE,1000,0.877,0.8723
454,FALSE,rational,2. prop8-mean=0,0.01,1001,QV,0.5,-0.8,FALSE,1000,0.88,0.8723
455,FALSE,rational,2. prop8-mean=0,0.01,1001,QV,0.5,-0.8,FALSE,1000,0.877,0.8723
456,FALSE,rational,2. prop8-mean=0,0.01,1001,QV,0.5,-0.8,FALSE,1000,0.857,0.8723
457,FALSE,rational,2. prop8-mean=0,0.01,1001,QV,0.5,-0.8,FALSE,1000,0.87,0.8723
458,FALSE,rational,2. prop8-mean=0,0.01,1001,QV,0.5,-0.8,FALSE,1000,0.847,0.8723
459,FALSE,rational,2. prop8-mean=0,0.01,1001,QV,0.5,-0.8,FALSE,1000,0.883,0.8723
460,FALSE,rational,2. prop8-mean=0,0.01,1001,QV,0.5,-0.8,FALSE,1000,0.876,0.8723
51,FALSE,rational,2. prop8-mean=0,0.01,501,QV,0.5,-0.75,FALSE,1000,0.892,0.8799
52,FALSE,rational,2. prop8-mean=0,0.01,501,QV,0.5,-0.75,FALSE,1000,0.883,0.8799
53,FALSE,rational,2. prop8-mean=0,0.01,501,QV,0.5,-0.75,FALSE,1000,0.891,0.8799
54,FALSE,rational,2. prop8-mean=0,0.01,501,QV,0.5,-0.75,FALSE,1000,0.885,0.8799
55,FALSE,rational,2. prop8-mean=0,0.01,501,QV,0.5,-0.75,FALSE,1000,0.894,0.8799
56,FALSE,rational,2. prop8-mean=0,0.01,501,QV,0.5,-0.75,FALSE,1000,0.861,0.8799
57,FALSE,rational,2. prop8-mean=0,0.01,501,QV,0.5,-0.75,FALSE,1000,0.885,0.8799
58,FALSE,rational,2. prop8-mean=0,0.01,501,QV,0.5,-0.75,FALSE,1000,0.87,0.8799
59,FALSE,rational,2. prop8-mean=0,0.01,501,QV,0.5,-0.75,FALSE,1000,0.873,0.8799
60,FALSE,rational,2. prop8-mean=0,0.01,501,QV,0.5,-0.75,FALSE,1000,0.865,0.8799
461,FALSE,rational,2. prop8-mean=0,0.01,1001,QV,0.5,-0.75,FALSE,1000,0.866,0.8807
462,FALSE,rational,2. prop8-mean=0,0.01,1001,QV,0.5,-0.75,FALSE,1000,0.883,0.8807
463,FALSE,rational,2. prop8-mean=0,0.01,1001,QV,0.5,-0.75,FALSE,1000,0.88,0.8807
464,FALSE,rational,2. prop8-mean=0,0.01,1001,QV,0.5,-0.75,FALSE,1000,0.891,0.8807
465,FALSE,rational,2. prop8-mean=0,0.01,1001,QV,0.5,-0.75,FALSE,1000,0.876,0.8807
466,FALSE,rational,2. prop8-mean=0,0.01,1001,QV,0.5,-0.75,FALSE,1000,0.887,0.8807
467,FALSE,rational,2. prop8-mean=0,0.01,1001,QV,0.5,-0.75,FALSE,1000,0.875,0.8807
468,FALSE,rational,2. prop8-mean=0,0.01,1001,QV,0.5,-0.75,FALSE,1000,0.891,0.8807
469,FALSE,rational,2. prop8-mean=0,0.01,1001,QV,0.5,-0.75,FALSE,1000,0.884,0.8807
470,FALSE,rational,2. prop8-mean=0,0.01,1001,QV,0.5,-0.75,FALSE,1000,0.874,0.8807
61,FALSE,rational,2. prop8-mean=0,0.01,501,QV,0.5,-0.7,FALSE,1000,0.887,0.8871
62,FALSE,rational,2. prop8-mean=0,0.01,501,QV,0.5,-0.7,FALSE,1000,0.884,0.8871
63,FALSE,rational,2. prop8-mean=0,0.01,501,QV,0.5,-0.7,FALSE,1000,0.899,0.8871
64,FALSE,rational,2. prop8-mean=0,0.01,501,QV,0.5,-0.7,FALSE,1000,0.882,0.8871
65,FALSE,rational,2. prop8-mean=0,0.01,501,QV,0.5,-0.7,FALSE,1000,0.88,0.8871
66,FALSE,rational,2. prop8-mean=0,0.01,501,QV,0.5,-0.7,FALSE,1000,0.883,0.8871
67,FALSE,rational,2. prop8-mean=0,0.01,501,QV,0.5,-0.7,FALSE,1000,0.894,0.8871
68,FALSE,rational,2. prop8-mean=0,0.01,501,QV,0.5,-0.7,FALSE,1000,0.887,0.8871
69,FALSE,rational,2. prop8-mean=0,0.01,501,QV,0.5,-0.7,FALSE,1000,0.884,0.8871
70,FALSE,rational,2. prop8-mean=0,0.01,501,QV,0.5,-0.7,FALSE,1000,0.891,0.8871
471,FALSE,rational,2. prop8-mean=0,0.01,1001,QV,0.5,-0.7,FALSE,1000,0.9,0.8882
472,FALSE,rational,2. prop8-mean=0,0.01,1001,QV,0.5,-0.7,FALSE,1000,0.865,0.8882
473,FALSE,rational,2. prop8-mean=0,0.01,1001,QV,0.5,-0.7,FALSE,1000,0.885,0.8882
474,FALSE,rational,2. prop8-mean=0,0.01,1001,QV,0.5,-0.7,FALSE,1000,0.906,0.8882
475,FALSE,rational,2. prop8-mean=0,0.01,1001,QV,0.5,-0.7,FALSE,1000,0.901,0.8882
476,FALSE,rational,2. prop8-mean=0,0.01,1001,QV,0.5,-0.7,FALSE,1000,0.896,0.8882
477,FALSE,rational,2. prop8-mean=0,0.01,1001,QV,0.5,-0.7,FALSE,1000,0.868,0.8882
478,FALSE,rational,2. prop8-mean=0,0.01,1001,QV,0.5,-0.7,FALSE,1000,0.88,0.8882
479,FALSE,rational,2. prop8-mean=0,0.01,1001,QV,0.5,-0.7,FALSE,1000,0.885,0.8882
480,FALSE,rational,2. prop8-mean=0,0.01,1001,QV,0.5,-0.7,FALSE,1000,0.896,0.8882
71,FALSE,rational,2. prop8-mean=0,0.01,501,QV,0.5,-0.65,FALSE,1000,0.889,0.9058
72,FALSE,rational,2. prop8-mean=0,0.01,501,QV,0.5,-0.65,FALSE,1000,0.908,0.9058
73,FALSE,rational,2. prop8-mean=0,0.01,501,QV,0.5,-0.65,FALSE,1000,0.907,0.9058
74,FALSE,rational,2. prop8-mean=0,0.01,501,QV,0.5,-0.65,FALSE,1000,0.929,0.9058
75,FALSE,rational,2. prop8-mean=0,0.01,501,QV,0.5,-0.65,FALSE,1000,0.902,0.9058
76,FALSE,rational,2. prop8-mean=0,0.01,501,QV,0.5,-0.65,FALSE,1000,0.915,0.9058
77,FALSE,rational,2. prop8-mean=0,0.01,501,QV,0.5,-0.65,FALSE,1000,0.905,0.9058
78,FALSE,rational,2. prop8-mean=0,0.01,501,QV,0.5,-0.65,FALSE,1000,0.912,0.9058
79,FALSE,rational,2. prop8-mean=0,0.01,501,QV,0.5,-0.65,FALSE,1000,0.895,0.9058
80,FALSE,rational,2. prop8-mean=0,0.01,501,QV,0.5,-0.65,FALSE,1000,0.896,0.9058
481,FALSE,rational,2. prop8-mean=0,0.01,1001,QV,0.5,-0.65,FALSE,1000,0.888,0.8999
482,FALSE,rational,2. prop8-mean=0,0.01,1001,QV,0.5,-0.65,FALSE,1000,0.893,0.8999
483,FALSE,rational,2. prop8-mean=0,0.01,1001,QV,0.5,-0.65,FALSE,1000,0.917,0.8999
484,FALSE,rational,2. prop8-mean=0,0.01,1001,QV,0.5,-0.65,FALSE,1000,0.906,0.8999
485,FALSE,rational,2. prop8-mean=0,0.01,1001,QV,0.5,-0.65,FALSE,1000,0.899,0.8999
486,FALSE,rational,2. prop8-mean=0,0.01,1001,QV,0.5,-0.65,FALSE,1000,0.901,0.8999
487,FALSE,rational,2. prop8-mean=0,0.01,1001,QV,0.5,-0.65,FALSE,1000,0.903,0.8999
488,FALSE,rational,2. prop8-mean=0,0.01,1001,QV,0.5,-0.65,FALSE,1000,0.894,0.8999
489,FALSE,rational,2. prop8-mean=0,0.01,1001,QV,0.5,-0.65,FALSE,1000,0.897,0.8999
490,FALSE,rational,2. prop8-mean=0,0.01,1001,QV,0.5,-0.65,FALSE,1000,0.901,0.8999
81,FALSE,rational,2. prop8-mean=0,0.01,501,QV,0.5,-0.6,FALSE,1000,0.912,0.9075
82,FALSE,rational,2. prop8-mean=0,0.01,501,QV,0.5,-0.6,FALSE,1000,0.9,0.9075
83,FALSE,rational,2. prop8-mean=0,0.01,501,QV,0.5,-0.6,FALSE,1000,0.897,0.9075
84,FALSE,rational,2. prop8-mean=0,0.01,501,QV,0.5,-0.6,FALSE,1000,0.913,0.9075
85,FALSE,rational,2. prop8-mean=0,0.01,501,QV,0.5,-0.6,FALSE,1000,0.907,0.9075
86,FALSE,rational,2. prop8-mean=0,0.01,501,QV,0.5,-0.6,FALSE,1000,0.915,0.9075
87,FALSE,rational,2. prop8-mean=0,0.01,501,QV,0.5,-0.6,FALSE,1000,0.899,0.9075
88,FALSE,rational,2. prop8-mean=0,0.01,501,QV,0.5,-0.6,FALSE,1000,0.9,0.9075
89,FALSE,rational,2. prop8-mean=0,0.01,501,QV,0.5,-0.6,FALSE,1000,0.913,0.9075
90,FALSE,rational,2. prop8-mean=0,0.01,501,QV,0.5,-0.6,FALSE,1000,0.919,0.9075
491,FALSE,rational,2. prop8-mean=0,0.01,1001,QV,0.5,-0.6,FALSE,1000,0.92,0.9113
492,FALSE,rational,2. prop8-mean=0,0.01,1001,QV,0.5,-0.6,FALSE,1000,0.901,0.9113
493,FALSE,rational,2. prop8-mean=0,0.01,1001,QV,0.5,-0.6,FALSE,1000,0.922,0.9113
494,FALSE,rational,2. prop8-mean=0,0.01,1001,QV,0.5,-0.6,FALSE,1000,0.912,0.9113
495,FALSE,rational,2. prop8-mean=0,0.01,1001,QV,0.5,-0.6,FALSE,1000,0.901,0.9113
496,FALSE,rational,2. prop8-mean=0,0.01,1001,QV,0.5,-0.6,FALSE,1000,0.917,0.9113
497,FALSE,rational,2. prop8-mean=0,0.01,1001,QV,0.5,-0.6,FALSE,1000,0.911,0.9113
498,FALSE,rational,2. prop8-mean=0,0.01,1001,QV,0.5,-0.6,FALSE,1000,0.904,0.9113
499,FALSE,rational,2. prop8-mean=0,0.01,1001,QV,0.5,-0.6,FALSE,1000,0.91,0.9113
500,FALSE,rational,2. prop8-mean=0,0.01,1001,QV,0.5,-0.6,FALSE,1000,0.915,0.9113
91,FALSE,rational,2. prop8-mean=0,0.01,501,QV,0.5,-0.55,FALSE,1000,0.917,0.9181
92,FALSE,rational,2. prop8-mean=0,0.01,501,QV,0.5,-0.55,FALSE,1000,0.933,0.9181
93,FALSE,rational,2. prop8-mean=0,0.01,501,QV,0.5,-0.55,FALSE,1000,0.913,0.9181
94,FALSE,rational,2. prop8-mean=0,0.01,501,QV,0.5,-0.55,FALSE,1000,0.913,0.9181
95,FALSE,rational,2. prop8-mean=0,0.01,501,QV,0.5,-0.55,FALSE,1000,0.923,0.9181
96,FALSE,rational,2. prop8-mean=0,0.01,501,QV,0.5,-0.55,FALSE,1000,0.924,0.9181
97,FALSE,rational,2. prop8-mean=0,0.01,501,QV,0.5,-0.55,FALSE,1000,0.909,0.9181
98,FALSE,rational,2. prop8-mean=0,0.01,501,QV,0.5,-0.55,FALSE,1000,0.9,0.9181
99,FALSE,rational,2. prop8-mean=0,0.01,501,QV,0.5,-0.55,FALSE,1000,0.935,0.9181
100,FALSE,rational,2. prop8-mean=0,0.01,501,QV,0.5,-0.55,FALSE,1000,0.914,0.9181
501,FALSE,rational,2. prop8-mean=0,0.01,1001,QV,0.5,-0.55,FALSE,1000,0.92,0.9141
502,FALSE,rational,2. prop8-mean=0,0.01,1001,QV,0.5,-0.55,FALSE,1000,0.903,0.9141
503,FALSE,rational,2. prop8-mean=0,0.01,1001,QV,0.5,-0.55,FALSE,1000,0.901,0.9141
504,FALSE,rational,2. prop8-mean=0,0.01,1001,QV,0.5,-0.55,FALSE,1000,0.911,0.9141
505,FALSE,rational,2. prop8-mean=0,0.01,1001,QV,0.5,-0.55,FALSE,1000,0.919,0.9141
506,FALSE,rational,2. prop8-mean=0,0.01,1001,QV,0.5,-0.55,FALSE,1000,0.918,0.9141
507,FALSE,rational,2. prop8-mean=0,0.01,1001,QV,0.5,-0.55,FALSE,1000,0.908,0.9141
508,FALSE,rational,2. prop8-mean=0,0.01,1001,QV,0.5,-0.55,FALSE,1000,0.915,0.9141
509,FALSE,rational,2. prop8-mean=0,0.01,1001,QV,0.5,-0.55,FALSE,1000,0.927,0.9141
510,FALSE,rational,2. prop8-mean=0,0.01,1001,QV,0.5,-0.55,FALSE,1000,0.919,0.9141
101,FALSE,rational,2. prop8-mean=0,0.01,501,QV,0.5,-0.5,FALSE,1000,0.928,0.9236
102,FALSE,rational,2. prop8-mean=0,0.01,501,QV,0.5,-0.5,FALSE,1000,0.921,0.9236
103,FALSE,rational,2. prop8-mean=0,0.01,501,QV,0.5,-0.5,FALSE,1000,0.909,0.9236
104,FALSE,rational,2. prop8-mean=0,0.01,501,QV,0.5,-0.5,FALSE,1000,0.911,0.9236
105,FALSE,rational,2. prop8-mean=0,0.01,501,QV,0.5,-0.5,FALSE,1000,0.939,0.9236
106,FALSE,rational,2. prop8-mean=0,0.01,501,QV,0.5,-0.5,FALSE,1000,0.93,0.9236
107,FALSE,rational,2. prop8-mean=0,0.01,501,QV,0.5,-0.5,FALSE,1000,0.928,0.9236
108,FALSE,rational,2. prop8-mean=0,0.01,501,QV,0.5,-0.5,FALSE,1000,0.92,0.9236
109,FALSE,rational,2. prop8-mean=0,0.01,501,QV,0.5,-0.5,FALSE,1000,0.928,0.9236
110,FALSE,rational,2. prop8-mean=0,0.01,501,QV,0.5,-0.5,FALSE,1000,0.922,0.9236
511,FALSE,rational,2. prop8-mean=0,0.01,1001,QV,0.5,-0.5,FALSE,1000,0.928,0.92
512,FALSE,rational,2. prop8-mean=0,0.01,1001,QV,0.5,-0.5,FALSE,1000,0.917,0.92
513,FALSE,rational,2. prop8-mean=0,0.01,1001,QV,0.5,-0.5,FALSE,1000,0.934,0.92
514,FALSE,rational,2. prop8-mean=0,0.01,1001,QV,0.5,-0.5,FALSE,1000,0.918,0.92
515,FALSE,rational,2. prop8-mean=0,0.01,1001,QV,0.5,-0.5,FALSE,1000,0.916,0.92
516,FALSE,rational,2. prop8-mean=0,0.01,1001,QV,0.5,-0.5,FALSE,1000,0.926,0.92
517,FALSE,rational,2. prop8-mean=0,0.01,1001,QV,0.5,-0.5,FALSE,1000,0.914,0.92
518,FALSE,rational,2. prop8-mean=0,0.01,1001,QV,0.5,-0.5,FALSE,1000,0.907,0.92
519,FALSE,rational,2. prop8-mean=0,0.01,1001,QV,0.5,-0.5,FALSE,1000,0.919,0.92
520,FALSE,rational,2. prop8-mean=0,0.01,1001,QV,0.5,-0.5,FALSE,1000,0.921,0.92
111,FALSE,rational,2. prop8-mean=0,0.01,501,QV,0.5,-0.45,FALSE,1000,0.919,0.9238
112,FALSE,rational,2. prop8-mean=0,0.01,501,QV,0.5,-0.45,FALSE,1000,0.937,0.9238
113,FALSE,rational,2. prop8-mean=0,0.01,501,QV,0.5,-0.45,FALSE,1000,0.912,0.9238
114,FALSE,rational,2. prop8-mean=0,0.01,501,QV,0.5,-0.45,FALSE,1000,0.919,0.9238
115,FALSE,rational,2. prop8-mean=0,0.01,501,QV,0.5,-0.45,FALSE,1000,0.921,0.9238
116,FALSE,rational,2. prop8-mean=0,0.01,501,QV,0.5,-0.45,FALSE,1000,0.914,0.9238
117,FALSE,rational,2. prop8-mean=0,0.01,501,QV,0.5,-0.45,FALSE,1000,0.932,0.9238
118,FALSE,rational,2. prop8-mean=0,0.01,501,QV,0.5,-0.45,FALSE,1000,0.928,0.9238
119,FALSE,rational,2. prop8-mean=0,0.01,501,QV,0.5,-0.45,FALSE,1000,0.927,0.9238
120,FALSE,rational,2. prop8-mean=0,0.01,501,QV,0.5,-0.45,FALSE,1000,0.929,0.9238
521,FALSE,rational,2. prop8-mean=0,0.01,1001,QV,0.5,-0.45,FALSE,1000,0.936,0.9333
522,FALSE,rational,2. prop8-mean=0,0.01,1001,QV,0.5,-0.45,FALSE,1000,0.941,0.9333
523,FALSE,rational,2. prop8-mean=0,0.01,1001,QV,0.5,-0.45,FALSE,1000,0.936,0.9333
524,FALSE,rational,2. prop8-mean=0,0.01,1001,QV,0.5,-0.45,FALSE,1000,0.937,0.9333
525,FALSE,rational,2. prop8-mean=0,0.01,1001,QV,0.5,-0.45,FALSE,1000,0.911,0.9333
526,FALSE,rational,2. prop8-mean=0,0.01,1001,QV,0.5,-0.45,FALSE,1000,0.939,0.9333
527,FALSE,rational,2. prop8-mean=0,0.01,1001,QV,0.5,-0.45,FALSE,1000,0.942,0.9333
528,FALSE,rational,2. prop8-mean=0,0.01,1001,QV,0.5,-0.45,FALSE,1000,0.931,0.9333
529,FALSE,rational,2. prop8-mean=0,0.01,1001,QV,0.5,-0.45,FALSE,1000,0.935,0.9333
530,FALSE,rational,2. prop8-mean=0,0.01,1001,QV,0.5,-0.45,FALSE,1000,0.925,0.9333
121,FALSE,rational,2. prop8-mean=0,0.01,501,QV,0.5,-0.4,FALSE,1000,0.925,0.9297
122,FALSE,rational,2. prop8-mean=0,0.01,501,QV,0.5,-0.4,FALSE,1000,0.928,0.9297
123,FALSE,rational,2. prop8-mean=0,0.01,501,QV,0.5,-0.4,FALSE,1000,0.93,0.9297
124,FALSE,rational,2. prop8-mean=0,0.01,501,QV,0.5,-0.4,FALSE,1000,0.925,0.9297
125,FALSE,rational,2. prop8-mean=0,0.01,501,QV,0.5,-0.4,FALSE,1000,0.921,0.9297
126,FALSE,rational,2. prop8-mean=0,0.01,501,QV,0.5,-0.4,FALSE,1000,0.937,0.9297
127,FALSE,rational,2. prop8-mean=0,0.01,501,QV,0.5,-0.4,FALSE,1000,0.935,0.9297
128,FALSE,rational,2. prop8-mean=0,0.01,501,QV,0.5,-0.4,FALSE,1000,0.94,0.9297
129,FALSE,rational,2. prop8-mean=0,0.01,501,QV,0.5,-0.4,FALSE,1000,0.925,0.9297
130,FALSE,rational,2. prop8-mean=0,0.01,501,QV,0.5,-0.4,FALSE,1000,0.931,0.9297
531,FALSE,rational,2. prop8-mean=0,0.01,1001,QV,0.5,-0.4,FALSE,1000,0.921,0.9369
532,FALSE,rational,2. prop8-mean=0,0.01,1001,QV,0.5,-0.4,FALSE,1000,0.947,0.9369
533,FALSE,rational,2. prop8-mean=0,0.01,1001,QV,0.5,-0.4,FALSE,1000,0.94,0.9369
534,FALSE,rational,2. prop8-mean=0,0.01,1001,QV,0.5,-0.4,FALSE,1000,0.94,0.9369
535,FALSE,rational,2. prop8-mean=0,0.01,1001,QV,0.5,-0.4,FALSE,1000,0.938,0.9369
536,FALSE,rational,2. prop8-mean=0,0.01,1001,QV,0.5,-0.4,FALSE,1000,0.935,0.9369
537,FALSE,rational,2. prop8-mean=0,0.01,1001,QV,0.5,-0.4,FALSE,1000,0.936,0.9369
538,FALSE,rational,2. prop8-mean=0,0.01,1001,QV,0.5,-0.4,FALSE,1000,0.945,0.9369
539,FALSE,rational,2. prop8-mean=0,0.01,1001,QV,0.5,-0.4,FALSE,1000,0.935,0.9369
540,FALSE,rational,2. prop8-mean=0,0.01,1001,QV,0.5,-0.4,FALSE,1000,0.932,0.9369
131,FALSE,rational,2. prop8-mean=0,0.01,501,QV,0.5,-0.35,FALSE,1000,0.938,0.9389
132,FALSE,rational,2. prop8-mean=0,0.01,501,QV,0.5,-0.35,FALSE,1000,0.944,0.9389
133,FALSE,rational,2. prop8-mean=0,0.01,501,QV,0.5,-0.35,FALSE,1000,0.936,0.9389
134,FALSE,rational,2. prop8-mean=0,0.01,501,QV,0.5,-0.35,FALSE,1000,0.934,0.9389
135,FALSE,rational,2. prop8-mean=0,0.01,501,QV,0.5,-0.35,FALSE,1000,0.949,0.9389
136,FALSE,rational,2. prop8-mean=0,0.01,501,QV,0.5,-0.35,FALSE,1000,0.935,0.9389
137,FALSE,rational,2. prop8-mean=0,0.01,501,QV,0.5,-0.35,FALSE,1000,0.938,0.9389
138,FALSE,rational,2. prop8-mean=0,0.01,501,QV,0.5,-0.35,FALSE,1000,0.937,0.9389
139,FALSE,rational,2. prop8-mean=0,0.01,501,QV,0.5,-0.35,FALSE,1000,0.943,0.9389
140,FALSE,rational,2. prop8-mean=0,0.01,501,QV,0.5,-0.35,FALSE,1000,0.935,0.9389
541,FALSE,rational,2. prop8-mean=0,0.01,1001,QV,0.5,-0.35,FALSE,1000,0.94,0.9356
542,FALSE,rational,2. prop8-mean=0,0.01,1001,QV,0.5,-0.35,FALSE,1000,0.927,0.9356
543,FALSE,rational,2. prop8-mean=0,0.01,1001,QV,0.5,-0.35,FALSE,1000,0.934,0.9356
544,FALSE,rational,2. prop8-mean=0,0.01,1001,QV,0.5,-0.35,FALSE,1000,0.927,0.9356
545,FALSE,rational,2. prop8-mean=0,0.01,1001,QV,0.5,-0.35,FALSE,1000,0.941,0.9356
546,FALSE,rational,2. prop8-mean=0,0.01,1001,QV,0.5,-0.35,FALSE,1000,0.949,0.9356
547,FALSE,rational,2. prop8-mean=0,0.01,1001,QV,0.5,-0.35,FALSE,1000,0.947,0.9356
548,FALSE,rational,2. prop8-mean=0,0.01,1001,QV,0.5,-0.35,FALSE,1000,0.928,0.9356
549,FALSE,rational,2. prop8-mean=0,0.01,1001,QV,0.5,-0.35,FALSE,1000,0.941,0.9356
550,FALSE,rational,2. prop8-mean=0,0.01,1001,QV,0.5,-0.35,FALSE,1000,0.922,0.9356
141,FALSE,rational,2. prop8-mean=0,0.01,501,QV,0.5,-0.3,FALSE,1000,0.941,0.9386
142,FALSE,rational,2. prop8-mean=0,0.01,501,QV,0.5,-0.3,FALSE,1000,0.942,0.9386
143,FALSE,rational,2. prop8-mean=0,0.01,501,QV,0.5,-0.3,FALSE,1000,0.943,0.9386
144,FALSE,rational,2. prop8-mean=0,0.01,501,QV,0.5,-0.3,FALSE,1000,0.952,0.9386
145,FALSE,rational,2. prop8-mean=0,0.01,501,QV,0.5,-0.3,FALSE,1000,0.936,0.9386
146,FALSE,rational,2. prop8-mean=0,0.01,501,QV,0.5,-0.3,FALSE,1000,0.928,0.9386
147,FALSE,rational,2. prop8-mean=0,0.01,501,QV,0.5,-0.3,FALSE,1000,0.936,0.9386
148,FALSE,rational,2. prop8-mean=0,0.01,501,QV,0.5,-0.3,FALSE,1000,0.943,0.9386
149,FALSE,rational,2. prop8-mean=0,0.01,501,QV,0.5,-0.3,FALSE,1000,0.944,0.9386
150,FALSE,rational,2. prop8-mean=0,0.01,501,QV,0.5,-0.3,FALSE,1000,0.921,0.9386
551,FALSE,rational,2. prop8-mean=0,0.01,1001,QV,0.5,-0.3,FALSE,1000,0.931,0.938
552,FALSE,rational,2. prop8-mean=0,0.01,1001,QV,0.5,-0.3,FALSE,1000,0.941,0.938
553,FALSE,rational,2. prop8-mean=0,0.01,1001,QV,0.5,-0.3,FALSE,1000,0.929,0.938
554,FALSE,rational,2. prop8-mean=0,0.01,1001,QV,0.5,-0.3,FALSE,1000,0.946,0.938
555,FALSE,rational,2. prop8-mean=0,0.01,1001,QV,0.5,-0.3,FALSE,1000,0.941,0.938
556,FALSE,rational,2. prop8-mean=0,0.01,1001,QV,0.5,-0.3,FALSE,1000,0.952,0.938
557,FALSE,rational,2. prop8-mean=0,0.01,1001,QV,0.5,-0.3,FALSE,1000,0.937,0.938
558,FALSE,rational,2. prop8-mean=0,0.01,1001,QV,0.5,-0.3,FALSE,1000,0.931,0.938
559,FALSE,rational,2. prop8-mean=0,0.01,1001,QV,0.5,-0.3,FALSE,1000,0.94,0.938
560,FALSE,rational,2. prop8-mean=0,0.01,1001,QV,0.5,-0.3,FALSE,1000,0.932,0.938
151,FALSE,rational,2. prop8-mean=0,0.01,501,QV,0.5,-0.25,FALSE,1000,0.934,0.941
152,FALSE,rational,2. prop8-mean=0,0.01,501,QV,0.5,-0.25,FALSE,1000,0.947,0.941
153,FALSE,rational,2. prop8-mean=0,0.01,501,QV,0.5,-0.25,FALSE,1000,0.95,0.941
154,FALSE,rational,2. prop8-mean=0,0.01,501,QV,0.5,-0.25,FALSE,1000,0.94,0.941
155,FALSE,rational,2. prop8-mean=0,0.01,501,QV,0.5,-0.25,FALSE,1000,0.93,0.941
156,FALSE,rational,2. prop8-mean=0,0.01,501,QV,0.5,-0.25,FALSE,1000,0.94,0.941
157,FALSE,rational,2. prop8-mean=0,0.01,501,QV,0.5,-0.25,FALSE,1000,0.939,0.941
158,FALSE,rational,2. prop8-mean=0,0.01,501,QV,0.5,-0.25,FALSE,1000,0.942,0.941
159,FALSE,rational,2. prop8-mean=0,0.01,501,QV,0.5,-0.25,FALSE,1000,0.955,0.941
160,FALSE,rational,2. prop8-mean=0,0.01,501,QV,0.5,-0.25,FALSE,1000,0.933,0.941
561,FALSE,rational,2. prop8-mean=0,0.01,1001,QV,0.5,-0.25,FALSE,1000,0.943,0.9393
562,FALSE,rational,2. prop8-mean=0,0.01,1001,QV,0.5,-0.25,FALSE,1000,0.945,0.9393
563,FALSE,rational,2. prop8-mean=0,0.01,1001,QV,0.5,-0.25,FALSE,1000,0.935,0.9393
564,FALSE,rational,2. prop8-mean=0,0.01,1001,QV,0.5,-0.25,FALSE,1000,0.949,0.9393
565,FALSE,rational,2. prop8-mean=0,0.01,1001,QV,0.5,-0.25,FALSE,1000,0.947,0.9393
566,FALSE,rational,2. prop8-mean=0,0.01,1001,QV,0.5,-0.25,FALSE,1000,0.932,0.9393
567,FALSE,rational,2. prop8-mean=0,0.01,1001,QV,0.5,-0.25,FALSE,1000,0.931,0.9393
568,FALSE,rational,2. prop8-mean=0,0.01,1001,QV,0.5,-0.25,FALSE,1000,0.935,0.9393
569,FALSE,rational,2. prop8-mean=0,0.01,1001,QV,0.5,-0.25,FALSE,1000,0.938,0.9393
570,FALSE,rational,2. prop8-mean=0,0.01,1001,QV,0.5,-0.25,FALSE,1000,0.938,0.9393
161,FALSE,rational,2. prop8-mean=0,0.01,501,QV,0.5,-0.2,FALSE,1000,0.943,0.9448
162,FALSE,rational,2. prop8-mean=0,0.01,501,QV,0.5,-0.2,FALSE,1000,0.947,0.9448
163,FALSE,rational,2. prop8-mean=0,0.01,501,QV,0.5,-0.2,FALSE,1000,0.939,0.9448
164,FALSE,rational,2. prop8-mean=0,0.01,501,QV,0.5,-0.2,FALSE,1000,0.939,0.9448
165,FALSE,rational,2. prop8-mean=0,0.01,501,QV,0.5,-0.2,FALSE,1000,0.943,0.9448
166,FALSE,rational,2. prop8-mean=0,0.01,501,QV,0.5,-0.2,FALSE,1000,0.953,0.9448
167,FALSE,rational,2. prop8-mean=0,0.01,501,QV,0.5,-0.2,FALSE,1000,0.957,0.9448
168,FALSE,rational,2. prop8-mean=0,0.01,501,QV,0.5,-0.2,FALSE,1000,0.947,0.9448
169,FALSE,rational,2. prop8-mean=0,0.01,501,QV,0.5,-0.2,FALSE,1000,0.944,0.9448
170,FALSE,rational,2. prop8-mean=0,0.01,501,QV,0.5,-0.2,FALSE,1000,0.936,0.9448
571,FALSE,rational,2. prop8-mean=0,0.01,1001,QV,0.5,-0.2,FALSE,1000,0.937,0.9372
572,FALSE,rational,2. prop8-mean=0,0.01,1001,QV,0.5,-0.2,FALSE,1000,0.938,0.9372
573,FALSE,rational,2. prop8-mean=0,0.01,1001,QV,0.5,-0.2,FALSE,1000,0.938,0.9372
574,FALSE,rational,2. prop8-mean=0,0.01,1001,QV,0.5,-0.2,FALSE,1000,0.933,0.9372
575,FALSE,rational,2. prop8-mean=0,0.01,1001,QV,0.5,-0.2,FALSE,1000,0.95,0.9372
576,FALSE,rational,2. prop8-mean=0,0.01,1001,QV,0.5,-0.2,FALSE,1000,0.94,0.9372
577,FALSE,rational,2. prop8-mean=0,0.01,1001,QV,0.5,-0.2,FALSE,1000,0.937,0.9372
578,FALSE,rational,2. prop8-mean=0,0.01,1001,QV,0.5,-0.2,FALSE,1000,0.931,0.9372
579,FALSE,rational,2. prop8-mean=0,0.01,1001,QV,0.5,-0.2,FALSE,1000,0.935,0.9372
580,FALSE,rational,2. prop8-mean=0,0.01,1001,QV,0.5,-0.2,FALSE,1000,0.933,0.9372
171,FALSE,rational,2. prop8-mean=0,0.01,501,QV,0.5,-0.15,FALSE,1000,0.934,0.9439
172,FALSE,rational,2. prop8-mean=0,0.01,501,QV,0.5,-0.15,FALSE,1000,0.944,0.9439
173,FALSE,rational,2. prop8-mean=0,0.01,501,QV,0.5,-0.15,FALSE,1000,0.932,0.9439
174,FALSE,rational,2. prop8-mean=0,0.01,501,QV,0.5,-0.15,FALSE,1000,0.945,0.9439
175,FALSE,rational,2. prop8-mean=0,0.01,501,QV,0.5,-0.15,FALSE,1000,0.944,0.9439
176,FALSE,rational,2. prop8-mean=0,0.01,501,QV,0.5,-0.15,FALSE,1000,0.954,0.9439
177,FALSE,rational,2. prop8-mean=0,0.01,501,QV,0.5,-0.15,FALSE,1000,0.949,0.9439
178,FALSE,rational,2. prop8-mean=0,0.01,501,QV,0.5,-0.15,FALSE,1000,0.946,0.9439
179,FALSE,rational,2. prop8-mean=0,0.01,501,QV,0.5,-0.15,FALSE,1000,0.944,0.9439
180,FALSE,rational,2. prop8-mean=0,0.01,501,QV,0.5,-0.15,FALSE,1000,0.947,0.9439
581,FALSE,rational,2. prop8-mean=0,0.01,1001,QV,0.5,-0.15,FALSE,1000,0.945,0.9427
582,FALSE,rational,2. prop8-mean=0,0.01,1001,QV,0.5,-0.15,FALSE,1000,0.933,0.9427
583,FALSE,rational,2. prop8-mean=0,0.01,1001,QV,0.5,-0.15,FALSE,1000,0.939,0.9427
584,FALSE,rational,2. prop8-mean=0,0.01,1001,QV,0.5,-0.15,FALSE,1000,0.962,0.9427
585,FALSE,rational,2. prop8-mean=0,0.01,1001,QV,0.5,-0.15,FALSE,1000,0.938,0.9427
586,FALSE,rational,2. prop8-mean=0,0.01,1001,QV,0.5,-0.15,FALSE,1000,0.945,0.9427
587,FALSE,rational,2. prop8-mean=0,0.01,1001,QV,0.5,-0.15,FALSE,1000,0.946,0.9427
588,FALSE,rational,2. prop8-mean=0,0.01,1001,QV,0.5,-0.15,FALSE,1000,0.943,0.9427
589,FALSE,rational,2. prop8-mean=0,0.01,1001,QV,0.5,-0.15,FALSE,1000,0.943,0.9427
590,FALSE,rational,2. prop8-mean=0,0.01,1001,QV,0.5,-0.15,FALSE,1000,0.933,0.9427
181,FALSE,rational,2. prop8-mean=0,0.01,501,QV,0.5,-0.1,FALSE,1000,0.944,0.9437
182,FALSE,rational,2. prop8-mean=0,0.01,501,QV,0.5,-0.1,FALSE,1000,0.942,0.9437
183,FALSE,rational,2. prop8-mean=0,0.01,501,QV,0.5,-0.1,FALSE,1000,0.94,0.9437
184,FALSE,rational,2. prop8-mean=0,0.01,501,QV,0.5,-0.1,FALSE,1000,0.945,0.9437
185,FALSE,rational,2. prop8-mean=0,0.01,501,QV,0.5,-0.1,FALSE,1000,0.945,0.9437
186,FALSE,rational,2. prop8-mean=0,0.01,501,QV,0.5,-0.1,FALSE,1000,0.926,0.9437
187,FALSE,rational,2. prop8-mean=0,0.01,501,QV,0.5,-0.1,FALSE,1000,0.953,0.9437
188,FALSE,rational,2. prop8-mean=0,0.01,501,QV,0.5,-0.1,FALSE,1000,0.942,0.9437
189,FALSE,rational,2. prop8-mean=0,0.01,501,QV,0.5,-0.1,FALSE,1000,0.955,0.9437
190,FALSE,rational,2. prop8-mean=0,0.01,501,QV,0.5,-0.1,FALSE,1000,0.945,0.9437
591,FALSE,rational,2. prop8-mean=0,0.01,1001,QV,0.5,-0.1,FALSE,1000,0.922,0.9364
592,FALSE,rational,2. prop8-mean=0,0.01,1001,QV,0.5,-0.1,FALSE,1000,0.934,0.9364
593,FALSE,rational,2. prop8-mean=0,0.01,1001,QV,0.5,-0.1,FALSE,1000,0.941,0.9364
594,FALSE,rational,2. prop8-mean=0,0.01,1001,QV,0.5,-0.1,FALSE,1000,0.927,0.9364
595,FALSE,rational,2. prop8-mean=0,0.01,1001,QV,0.5,-0.1,FALSE,1000,0.947,0.9364
596,FALSE,rational,2. prop8-mean=0,0.01,1001,QV,0.5,-0.1,FALSE,1000,0.93,0.9364
597,FALSE,rational,2. prop8-mean=0,0.01,1001,QV,0.5,-0.1,FALSE,1000,0.934,0.9364
598,FALSE,rational,2. prop8-mean=0,0.01,1001,QV,0.5,-0.1,FALSE,1000,0.942,0.9364
599,FALSE,rational,2. prop8-mean=0,0.01,1001,QV,0.5,-0.1,FALSE,1000,0.947,0.9364
600,FALSE,rational,2. prop8-mean=0,0.01,1001,QV,0.5,-0.1,FALSE,1000,0.94,0.9364
191,FALSE,rational,2. prop8-mean=0,0.01,501,QV,0.5,-0.05,FALSE,1000,0.944,0.9383
192,FALSE,rational,2. prop8-mean=0,0.01,501,QV,0.5,-0.05,FALSE,1000,0.935,0.9383
193,FALSE,rational,2. prop8-mean=0,0.01,501,QV,0.5,-0.05,FALSE,1000,0.928,0.9383
194,FALSE,rational,2. prop8-mean=0,0.01,501,QV,0.5,-0.05,FALSE,1000,0.946,0.9383
195,FALSE,rational,2. prop8-mean=0,0.01,501,QV,0.5,-0.05,FALSE,1000,0.929,0.9383
196,FALSE,rational,2. prop8-mean=0,0.01,501,QV,0.5,-0.05,FALSE,1000,0.925,0.9383
197,FALSE,rational,2. prop8-mean=0,0.01,501,QV,0.5,-0.05,FALSE,1000,0.949,0.9383
198,FALSE,rational,2. prop8-mean=0,0.01,501,QV,0.5,-0.05,FALSE,1000,0.942,0.9383
199,FALSE,rational,2. prop8-mean=0,0.01,501,QV,0.5,-0.05,FALSE,1000,0.948,0.9383
200,FALSE,rational,2. prop8-mean=0,0.01,501,QV,0.5,-0.05,FALSE,1000,0.937,0.9383
601,FALSE,rational,2. prop8-mean=0,0.01,1001,QV,0.5,-0.05,FALSE,1000,0.944,0.945
602,FALSE,rational,2. prop8-mean=0,0.01,1001,QV,0.5,-0.05,FALSE,1000,0.952,0.945
603,FALSE,rational,2. prop8-mean=0,0.01,1001,QV,0.5,-0.05,FALSE,1000,0.954,0.945
604,FALSE,rational,2. prop8-mean=0,0.01,1001,QV,0.5,-0.05,FALSE,1000,0.943,0.945
605,FALSE,rational,2. prop8-mean=0,0.01,1001,QV,0.5,-0.05,FALSE,1000,0.94,0.945
606,FALSE,rational,2. prop8-mean=0,0.01,1001,QV,0.5,-0.05,FALSE,1000,0.941,0.945
607,FALSE,rational,2. prop8-mean=0,0.01,1001,QV,0.5,-0.05,FALSE,1000,0.949,0.945
608,FALSE,rational,2. prop8-mean=0,0.01,1001,QV,0.5,-0.05,FALSE,1000,0.948,0.945
609,FALSE,rational,2. prop8-mean=0,0.01,1001,QV,0.5,-0.05,FALSE,1000,0.939,0.945
610,FALSE,rational,2. prop8-mean=0,0.01,1001,QV,0.5,-0.05,FALSE,1000,0.94,0.945
201,FALSE,rational,2. prop8-mean=0,0.01,501,QV,0.5,0,FALSE,1000,0.948,0.9413
202,FALSE,rational,2. prop8-mean=0,0.01,501,QV,0.5,0,FALSE,1000,0.937,0.9413
203,FALSE,rational,2. prop8-mean=0,0.01,501,QV,0.5,0,FALSE,1000,0.942,0.9413
204,FALSE,rational,2. prop8-mean=0,0.01,501,QV,0.5,0,FALSE,1000,0.939,0.9413
205,FALSE,rational,2. prop8-mean=0,0.01,501,QV,0.5,0,FALSE,1000,0.937,0.9413
206,FALSE,rational,2. prop8-mean=0,0.01,501,QV,0.5,0,FALSE,1000,0.939,0.9413
207,FALSE,rational,2. prop8-mean=0,0.01,501,QV,0.5,0,FALSE,1000,0.93,0.9413
208,FALSE,rational,2. prop8-mean=0,0.01,501,QV,0.5,0,FALSE,1000,0.947,0.9413
209,FALSE,rational,2. prop8-mean=0,0.01,501,QV,0.5,0,FALSE,1000,0.951,0.9413
210,FALSE,rational,2. prop8-mean=0,0.01,501,QV,0.5,0,FALSE,1000,0.943,0.9413
611,FALSE,rational,2. prop8-mean=0,0.01,1001,QV,0.5,0,FALSE,1000,0.945,0.9336
612,FALSE,rational,2. prop8-mean=0,0.01,1001,QV,0.5,0,FALSE,1000,0.921,0.9336
613,FALSE,rational,2. prop8-mean=0,0.01,1001,QV,0.5,0,FALSE,1000,0.925,0.9336
614,FALSE,rational,2. prop8-mean=0,0.01,1001,QV,0.5,0,FALSE,1000,0.922,0.9336
615,FALSE,rational,2. prop8-mean=0,0.01,1001,QV,0.5,0,FALSE,1000,0.948,0.9336
616,FALSE,rational,2. prop8-mean=0,0.01,1001,QV,0.5,0,FALSE,1000,0.927,0.9336
617,FALSE,rational,2. prop8-mean=0,0.01,1001,QV,0.5,0,FALSE,1000,0.931,0.9336
618,FALSE,rational,2. prop8-mean=0,0.01,1001,QV,0.5,0,FALSE,1000,0.941,0.9336
619,FALSE,rational,2. prop8-mean=0,0.01,1001,QV,0.5,0,FALSE,1000,0.944,0.9336
620,FALSE,rational,2. prop8-mean=0,0.01,1001,QV,0.5,0,FALSE,1000,0.932,0.9336
211,FALSE,rational,2. prop8-mean=0,0.01,501,QV,0.5,0.05,FALSE,1000,0.938,0.9436
212,FALSE,rational,2. prop8-mean=0,0.01,501,QV,0.5,0.05,FALSE,1000,0.944,0.9436
213,FALSE,rational,2. prop8-mean=0,0.01,501,QV,0.5,0.05,FALSE,1000,0.942,0.9436
214,FALSE,rational,2. prop8-mean=0,0.01,501,QV,0.5,0.05,FALSE,1000,0.936,0.9436
215,FALSE,rational,2. prop8-mean=0,0.01,501,QV,0.5,0.05,FALSE,1000,0.953,0.9436
216,FALSE,rational,2. prop8-mean=0,0.01,501,QV,0.5,0.05,FALSE,1000,0.945,0.9436
217,FALSE,rational,2. prop8-mean=0,0.01,501,QV,0.5,0.05,FALSE,1000,0.944,0.9436
218,FALSE,rational,2. prop8-mean=0,0.01,501,QV,0.5,0.05,FALSE,1000,0.939,0.9436
219,FALSE,rational,2. prop8-mean=0,0.01,501,QV,0.5,0.05,FALSE,1000,0.953,0.9436
220,FALSE,rational,2. prop8-mean=0,0.01,501,QV,0.5,0.05,FALSE,1000,0.942,0.9436
621,FALSE,rational,2. prop8-mean=0,0.01,1001,QV,0.5,0.05,FALSE,1000,0.947,0.9433
622,FALSE,rational,2. prop8-mean=0,0.01,1001,QV,0.5,0.05,FALSE,1000,0.954,0.9433
623,FALSE,rational,2. prop8-mean=0,0.01,1001,QV,0.5,0.05,FALSE,1000,0.943,0.9433
624,FALSE,rational,2. prop8-mean=0,0.01,1001,QV,0.5,0.05,FALSE,1000,0.949,0.9433
625,FALSE,rational,2. prop8-mean=0,0.01,1001,QV,0.5,0.05,FALSE,1000,0.949,0.9433
626,FALSE,rational,2. prop8-mean=0,0.01,1001,QV,0.5,0.05,FALSE,1000,0.934,0.9433
627,FALSE,rational,2. prop8-mean=0,0.01,1001,QV,0.5,0.05,FALSE,1000,0.934,0.9433
628,FALSE,rational,2. prop8-mean=0,0.01,1001,QV,0.5,0.05,FALSE,1000,0.932,0.9433
629,FALSE,rational,2. prop8-mean=0,0.01,1001,QV,0.5,0.05,FALSE,1000,0.951,0.9433
630,FALSE,rational,2. prop8-mean=0,0.01,1001,QV,0.5,0.05,FALSE,1000,0.94,0.9433
221,FALSE,rational,2. prop8-mean=0,0.01,501,QV,0.5,0.1,FALSE,1000,0.942,0.9466
222,FALSE,rational,2. prop8-mean=0,0.01,501,QV,0.5,0.1,FALSE,1000,0.958,0.9466
223,FALSE,rational,2. prop8-mean=0,0.01,501,QV,0.5,0.1,FALSE,1000,0.945,0.9466
224,FALSE,rational,2. prop8-mean=0,0.01,501,QV,0.5,0.1,FALSE,1000,0.943,0.9466
225,FALSE,rational,2. prop8-mean=0,0.01,501,QV,0.5,0.1,FALSE,1000,0.943,0.9466
226,FALSE,rational,2. prop8-mean=0,0.01,501,QV,0.5,0.1,FALSE,1000,0.955,0.9466
227,FALSE,rational,2. prop8-mean=0,0.01,501,QV,0.5,0.1,FALSE,1000,0.951,0.9466
228,FALSE,rational,2. prop8-mean=0,0.01,501,QV,0.5,0.1,FALSE,1000,0.935,0.9466
229,FALSE,rational,2. prop8-mean=0,0.01,501,QV,0.5,0.1,FALSE,1000,0.939,0.9466
230,FALSE,rational,2. prop8-mean=0,0.01,501,QV,0.5,0.1,FALSE,1000,0.955,0.9466
631,FALSE,rational,2. prop8-mean=0,0.01,1001,QV,0.5,0.1,FALSE,1000,0.942,0.9455
632,FALSE,rational,2. prop8-mean=0,0.01,1001,QV,0.5,0.1,FALSE,1000,0.938,0.9455
633,FALSE,rational,2. prop8-mean=0,0.01,1001,QV,0.5,0.1,FALSE,1000,0.955,0.9455
634,FALSE,rational,2. prop8-mean=0,0.01,1001,QV,0.5,0.1,FALSE,1000,0.946,0.9455
635,FALSE,rational,2. prop8-mean=0,0.01,1001,QV,0.5,0.1,FALSE,1000,0.947,0.9455
636,FALSE,rational,2. prop8-mean=0,0.01,1001,QV,0.5,0.1,FALSE,1000,0.948,0.9455
637,FALSE,rational,2. prop8-mean=0,0.01,1001,QV,0.5,0.1,FALSE,1000,0.948,0.9455
638,FALSE,rational,2. prop8-mean=0,0.01,1001,QV,0.5,0.1,FALSE,1000,0.954,0.9455
639,FALSE,rational,2. prop8-mean=0,0.01,1001,QV,0.5,0.1,FALSE,1000,0.931,0.9455
640,FALSE,rational,2. prop8-mean=0,0.01,1001,QV,0.5,0.1,FALSE,1000,0.946,0.9455
231,FALSE,rational,2. prop8-mean=0,0.01,501,QV,0.5,0.15,FALSE,1000,0.951,0.9513
232,FALSE,rational,2. prop8-mean=0,0.01,501,QV,0.5,0.15,FALSE,1000,0.934,0.9513
233,FALSE,rational,2. prop8-mean=0,0.01,501,QV,0.5,0.15,FALSE,1000,0.955,0.9513
234,FALSE,rational,2. prop8-mean=0,0.01,501,QV,0.5,0.15,FALSE,1000,0.952,0.9513
235,FALSE,rational,2. prop8-mean=0,0.01,501,QV,0.5,0.15,FALSE,1000,0.949,0.9513
236,FALSE,rational,2. prop8-mean=0,0.01,501,QV,0.5,0.15,FALSE,1000,0.959,0.9513
237,FALSE,rational,2. prop8-mean=0,0.01,501,QV,0.5,0.15,FALSE,1000,0.957,0.9513
238,FALSE,rational,2. prop8-mean=0,0.01,501,QV,0.5,0.15,FALSE,1000,0.948,0.9513
239,FALSE,rational,2. prop8-mean=0,0.01,501,QV,0.5,0.15,FALSE,1000,0.961,0.9513
240,FALSE,rational,2. prop8-mean=0,0.01,501,QV,0.5,0.15,FALSE,1000,0.947,0.9513
641,FALSE,rational,2. prop8-mean=0,0.01,1001,QV,0.5,0.15,FALSE,1000,0.948,0.9515
642,FALSE,rational,2. prop8-mean=0,0.01,1001,QV,0.5,0.15,FALSE,1000,0.948,0.9515
643,FALSE,rational,2. prop8-mean=0,0.01,1001,QV,0.5,0.15,FALSE,1000,0.954,0.9515
644,FALSE,rational,2. prop8-mean=0,0.01,1001,QV,0.5,0.15,FALSE,1000,0.956,0.9515
645,FALSE,rational,2. prop8-mean=0,0.01,1001,QV,0.5,0.15,FALSE,1000,0.947,0.9515
646,FALSE,rational,2. prop8-mean=0,0.01,1001,QV,0.5,0.15,FALSE,1000,0.946,0.9515
647,FALSE,rational,2. prop8-mean=0,0.01,1001,QV,0.5,0.15,FALSE,1000,0.96,0.9515
648,FALSE,rational,2. prop8-mean=0,0.01,1001,QV,0.5,0.15,FALSE,1000,0.951,0.9515
649,FALSE,rational,2. prop8-mean=0,0.01,1001,QV,0.5,0.15,FALSE,1000,0.951,0.9515
650,FALSE,rational,2. prop8-mean=0,0.01,1001,QV,0.5,0.15,FALSE,1000,0.954,0.9515
241,FALSE,rational,2. prop8-mean=0,0.01,501,QV,0.5,0.2,FALSE,1000,0.948,0.9565
242,FALSE,rational,2. prop8-mean=0,0.01,501,QV,0.5,0.2,FALSE,1000,0.96,0.9565
243,FALSE,rational,2. prop8-mean=0,0.01,501,QV,0.5,0.2,FALSE,1000,0.957,0.9565
244,FALSE,rational,2. prop8-mean=0,0.01,501,QV,0.5,0.2,FALSE,1000,0.958,0.9565
245,FALSE,rational,2. prop8-mean=0,0.01,501,QV,0.5,0.2,FALSE,1000,0.954,0.9565
246,FALSE,rational,2. prop8-mean=0,0.01,501,QV,0.5,0.2,FALSE,1000,0.956,0.9565
247,FALSE,rational,2. prop8-mean=0,0.01,501,QV,0.5,0.2,FALSE,1000,0.958,0.9565
248,FALSE,rational,2. prop8-mean=0,0.01,501,QV,0.5,0.2,FALSE,1000,0.956,0.9565
249,FALSE,rational,2. prop8-mean=0,0.01,501,QV,0.5,0.2,FALSE,1000,0.96,0.9565
250,FALSE,rational,2. prop8-mean=0,0.01,501,QV,0.5,0.2,FALSE,1000,0.958,0.9565
651,FALSE,rational,2. prop8-mean=0,0.01,1001,QV,0.5,0.2,FALSE,1000,0.951,0.9522
652,FALSE,rational,2. prop8-mean=0,0.01,1001,QV,0.5,0.2,FALSE,1000,0.957,0.9522
653,FALSE,rational,2. prop8-mean=0,0.01,1001,QV,0.5,0.2,FALSE,1000,0.955,0.9522
654,FALSE,rational,2. prop8-mean=0,0.01,1001,QV,0.5,0.2,FALSE,1000,0.958,0.9522
655,FALSE,rational,2. prop8-mean=0,0.01,1001,QV,0.5,0.2,FALSE,1000,0.958,0.9522
656,FALSE,rational,2. prop8-mean=0,0.01,1001,QV,0.5,0.2,FALSE,1000,0.945,0.9522
657,FALSE,rational,2. prop8-mean=0,0.01,1001,QV,0.5,0.2,FALSE,1000,0.953,0.9522
658,FALSE,rational,2. prop8-mean=0,0.01,1001,QV,0.5,0.2,FALSE,1000,0.943,0.9522
659,FALSE,rational,2. prop8-mean=0,0.01,1001,QV,0.5,0.2,FALSE,1000,0.953,0.9522
660,FALSE,rational,2. prop8-mean=0,0.01,1001,QV,0.5,0.2,FALSE,1000,0.949,0.9522
251,FALSE,rational,2. prop8-mean=0,0.01,501,QV,0.5,0.25,FALSE,1000,0.957,0.9576
252,FALSE,rational,2. prop8-mean=0,0.01,501,QV,0.5,0.25,FALSE,1000,0.964,0.9576
253,FALSE,rational,2. prop8-mean=0,0.01,501,QV,0.5,0.25,FALSE,1000,0.946,0.9576
254,FALSE,rational,2. prop8-mean=0,0.01,501,QV,0.5,0.25,FALSE,1000,0.95,0.9576
255,FALSE,rational,2. prop8-mean=0,0.01,501,QV,0.5,0.25,FALSE,1000,0.957,0.9576
256,FALSE,rational,2. prop8-mean=0,0.01,501,QV,0.5,0.25,FALSE,1000,0.954,0.9576
257,FALSE,rational,2. prop8-mean=0,0.01,501,QV,0.5,0.25,FALSE,1000,0.957,0.9576
258,FALSE,rational,2. prop8-mean=0,0.01,501,QV,0.5,0.25,FALSE,1000,0.967,0.9576
259,FALSE,rational,2. prop8-mean=0,0.01,501,QV,0.5,0.25,FALSE,1000,0.961,0.9576
260,FALSE,rational,2. prop8-mean=0,0.01,501,QV,0.5,0.25,FALSE,1000,0.963,0.9576
661,FALSE,rational,2. prop8-mean=0,0.01,1001,QV,0.5,0.25,FALSE,1000,0.96,0.9549
662,FALSE,rational,2. prop8-mean=0,0.01,1001,QV,0.5,0.25,FALSE,1000,0.95,0.9549
663,FALSE,rational,2. prop8-mean=0,0.01,1001,QV,0.5,0.25,FALSE,1000,0.956,0.9549
664,FALSE,rational,2. prop8-mean=0,0.01,1001,QV,0.5,0.25,FALSE,1000,0.954,0.9549
665,FALSE,rational,2. prop8-mean=0,0.01,1001,QV,0.5,0.25,FALSE,1000,0.951,0.9549
666,FALSE,rational,2. prop8-mean=0,0.01,1001,QV,0.5,0.25,FALSE,1000,0.954,0.9549
667,FALSE,rational,2. prop8-mean=0,0.01,1001,QV,0.5,0.25,FALSE,1000,0.957,0.9549
668,FALSE,rational,2. prop8-mean=0,0.01,1001,QV,0.5,0.25,FALSE,1000,0.97,0.9549
669,FALSE,rational,2. prop8-mean=0,0.01,1001,QV,0.5,0.25,FALSE,1000,0.946,0.9549
670,FALSE,rational,2. prop8-mean=0,0.01,1001,QV,0.5,0.25,FALSE,1000,0.951,0.9549
261,FALSE,rational,2. prop8-mean=0,0.01,501,QV,0.5,0.3,FALSE,1000,0.947,0.9545
262,FALSE,rational,2. prop8-mean=0,0.01,501,QV,0.5,0.3,FALSE,1000,0.952,0.9545
263,FALSE,rational,2. prop8-mean=0,0.01,501,QV,0.5,0.3,FALSE,1000,0.956,0.9545
264,FALSE,rational,2. prop8-mean=0,0.01,501,QV,0.5,0.3,FALSE,1000,0.956,0.9545
265,FALSE,rational,2. prop8-mean=0,0.01,501,QV,0.5,0.3,FALSE,1000,0.956,0.9545
266,FALSE,rational,2. prop8-mean=0,0.01,501,QV,0.5,0.3,FALSE,1000,0.964,0.9545
267,FALSE,rational,2. prop8-mean=0,0.01,501,QV,0.5,0.3,FALSE,1000,0.952,0.9545
268,FALSE,rational,2. prop8-mean=0,0.01,501,QV,0.5,0.3,FALSE,1000,0.951,0.9545
269,FALSE,rational,2. prop8-mean=0,0.01,501,QV,0.5,0.3,FALSE,1000,0.952,0.9545
270,FALSE,rational,2. prop8-mean=0,0.01,501,QV,0.5,0.3,FALSE,1000,0.959,0.9545
671,FALSE,rational,2. prop8-mean=0,0.01,1001,QV,0.5,0.3,FALSE,1000,0.953,0.9537
672,FALSE,rational,2. prop8-mean=0,0.01,1001,QV,0.5,0.3,FALSE,1000,0.946,0.9537
673,FALSE,rational,2. prop8-mean=0,0.01,1001,QV,0.5,0.3,FALSE,1000,0.951,0.9537
674,FALSE,rational,2. prop8-mean=0,0.01,1001,QV,0.5,0.3,FALSE,1000,0.952,0.9537
675,FALSE,rational,2. prop8-mean=0,0.01,1001,QV,0.5,0.3,FALSE,1000,0.964,0.9537
676,FALSE,rational,2. prop8-mean=0,0.01,1001,QV,0.5,0.3,FALSE,1000,0.963,0.9537
677,FALSE,rational,2. prop8-mean=0,0.01,1001,QV,0.5,0.3,FALSE,1000,0.954,0.9537
678,FALSE,rational,2. prop8-mean=0,0.01,1001,QV,0.5,0.3,FALSE,1000,0.951,0.9537
679,FALSE,rational,2. prop8-mean=0,0.01,1001,QV,0.5,0.3,FALSE,1000,0.955,0.9537
680,FALSE,rational,2. prop8-mean=0,0.01,1001,QV,0.5,0.3,FALSE,1000,0.948,0.9537
271,FALSE,rational,2. prop8-mean=0,0.01,501,QV,0.5,0.35,FALSE,1000,0.965,0.9575
272,FALSE,rational,2. prop8-mean=0,0.01,501,QV,0.5,0.35,FALSE,1000,0.963,0.9575
273,FALSE,rational,2. prop8-mean=0,0.01,501,QV,0.5,0.35,FALSE,1000,0.945,0.9575
274,FALSE,rational,2. prop8-mean=0,0.01,501,QV,0.5,0.35,FALSE,1000,0.957,0.9575
275,FALSE,rational,2. prop8-mean=0,0.01,501,QV,0.5,0.35,FALSE,1000,0.955,0.9575
276,FALSE,rational,2. prop8-mean=0,0.01,501,QV,0.5,0.35,FALSE,1000,0.947,0.9575
277,FALSE,rational,2. prop8-mean=0,0.01,501,QV,0.5,0.35,FALSE,1000,0.96,0.9575
278,FALSE,rational,2. prop8-mean=0,0.01,501,QV,0.5,0.35,FALSE,1000,0.96,0.9575
279,FALSE,rational,2. prop8-mean=0,0.01,501,QV,0.5,0.35,FALSE,1000,0.964,0.9575
280,FALSE,rational,2. prop8-mean=0,0.01,501,QV,0.5,0.35,FALSE,1000,0.959,0.9575
681,FALSE,rational,2. prop8-mean=0,0.01,1001,QV,0.5,0.35,FALSE,1000,0.954,0.9527
682,FALSE,rational,2. prop8-mean=0,0.01,1001,QV,0.5,0.35,FALSE,1000,0.957,0.9527
683,FALSE,rational,2. prop8-mean=0,0.01,1001,QV,0.5,0.35,FALSE,1000,0.948,0.9527
684,FALSE,rational,2. prop8-mean=0,0.01,1001,QV,0.5,0.35,FALSE,1000,0.957,0.9527
685,FALSE,rational,2. prop8-mean=0,0.01,1001,QV,0.5,0.35,FALSE,1000,0.948,0.9527
686,FALSE,rational,2. prop8-mean=0,0.01,1001,QV,0.5,0.35,FALSE,1000,0.948,0.9527
687,FALSE,rational,2. prop8-mean=0,0.01,1001,QV,0.5,0.35,FALSE,1000,0.957,0.9527
688,FALSE,rational,2. prop8-mean=0,0.01,1001,QV,0.5,0.35,FALSE,1000,0.946,0.9527
689,FALSE,rational,2. prop8-mean=0,0.01,1001,QV,0.5,0.35,FALSE,1000,0.948,0.9527
690,FALSE,rational,2. prop8-mean=0,0.01,1001,QV,0.5,0.35,FALSE,1000,0.964,0.9527
281,FALSE,rational,2. prop8-mean=0,0.01,501,QV,0.5,0.4,FALSE,1000,0.958,0.9528
282,FALSE,rational,2. prop8-mean=0,0.01,501,QV,0.5,0.4,FALSE,1000,0.955,0.9528
283,FALSE,rational,2. prop8-mean=0,0.01,501,QV,0.5,0.4,FALSE,1000,0.952,0.9528
284,FALSE,rational,2. prop8-mean=0,0.01,501,QV,0.5,0.4,FALSE,1000,0.947,0.9528
285,FALSE,rational,2. prop8-mean=0,0.01,501,QV,0.5,0.4,FALSE,1000,0.964,0.9528
286,FALSE,rational,2. prop8-mean=0,0.01,501,QV,0.5,0.4,FALSE,1000,0.951,0.9528
287,FALSE,rational,2. prop8-mean=0,0.01,501,QV,0.5,0.4,FALSE,1000,0.952,0.9528
288,FALSE,rational,2. prop8-mean=0,0.01,501,QV,0.5,0.4,FALSE,1000,0.95,0.9528
289,FALSE,rational,2. prop8-mean=0,0.01,501,QV,0.5,0.4,FALSE,1000,0.951,0.9528
290,FALSE,rational,2. prop8-mean=0,0.01,501,QV,0.5,0.4,FALSE,1000,0.948,0.9528
691,FALSE,rational,2. prop8-mean=0,0.01,1001,QV,0.5,0.4,FALSE,1000,0.952,0.9559
692,FALSE,rational,2. prop8-mean=0,0.01,1001,QV,0.5,0.4,FALSE,1000,0.956,0.9559
693,FALSE,rational,2. prop8-mean=0,0.01,1001,QV,0.5,0.4,FALSE,1000,0.958,0.9559
694,FALSE,rational,2. prop8-mean=0,0.01,1001,QV,0.5,0.4,FALSE,1000,0.962,0.9559
695,FALSE,rational,2. prop8-mean=0,0.01,1001,QV,0.5,0.4,FALSE,1000,0.958,0.9559
696,FALSE,rational,2. prop8-mean=0,0.01,1001,QV,0.5,0.4,FALSE,1000,0.958,0.9559
697,FALSE,rational,2. prop8-mean=0,0.01,1001,QV,0.5,0.4,FALSE,1000,0.956,0.9559
698,FALSE,rational,2. prop8-mean=0,0.01,1001,QV,0.5,0.4,FALSE,1000,0.956,0.9559
699,FALSE,rational,2. prop8-mean=0,0.01,1001,QV,0.5,0.4,FALSE,1000,0.955,0.9559
700,FALSE,rational,2. prop8-mean=0,0.01,1001,QV,0.5,0.4,FALSE,1000,0.948,0.9559
291,FALSE,rational,2. prop8-mean=0,0.01,501,QV,0.5,0.45,FALSE,1000,0.946,0.9547
292,FALSE,rational,2. prop8-mean=0,0.01,501,QV,0.5,0.45,FALSE,1000,0.957,0.9547
293,FALSE,rational,2. prop8-mean=0,0.01,501,QV,0.5,0.45,FALSE,1000,0.959,0.9547
294,FALSE,rational,2. prop8-mean=0,0.01,501,QV,0.5,0.45,FALSE,1000,0.96,0.9547
295,FALSE,rational,2. prop8-mean=0,0.01,501,QV,0.5,0.45,FALSE,1000,0.955,0.9547
296,FALSE,rational,2. prop8-mean=0,0.01,501,QV,0.5,0.45,FALSE,1000,0.949,0.9547
297,FALSE,rational,2. prop8-mean=0,0.01,501,QV,0.5,0.45,FALSE,1000,0.952,0.9547
298,FALSE,rational,2. prop8-mean=0,0.01,501,QV,0.5,0.45,FALSE,1000,0.957,0.9547
299,FALSE,rational,2. prop8-mean=0,0.01,501,QV,0.5,0.45,FALSE,1000,0.959,0.9547
300,FALSE,rational,2. prop8-mean=0,0.01,501,QV,0.5,0.45,FALSE,1000,0.953,0.9547
701,FALSE,rational,2. prop8-mean=0,0.01,1001,QV,0.5,0.45,FALSE,1000,0.954,0.955
702,FALSE,rational,2. prop8-mean=0,0.01,1001,QV,0.5,0.45,FALSE,1000,0.948,0.955
703,FALSE,rational,2. prop8-mean=0,0.01,1001,QV,0.5,0.45,FALSE,1000,0.961,0.955
704,FALSE,rational,2. prop8-mean=0,0.01,1001,QV,0.5,0.45,FALSE,1000,0.948,0.955
705,FALSE,rational,2. prop8-mean=0,0.01,1001,QV,0.5,0.45,FALSE,1000,0.957,0.955
706,FALSE,rational,2. prop8-mean=0,0.01,1001,QV,0.5,0.45,FALSE,1000,0.962,0.955
707,FALSE,rational,2. prop8-mean=0,0.01,1001,QV,0.5,0.45,FALSE,1000,0.947,0.955
708,FALSE,rational,2. prop8-mean=0,0.01,1001,QV,0.5,0.45,FALSE,1000,0.954,0.955
709,FALSE,rational,2. prop8-mean=0,0.01,1001,QV,0.5,0.45,FALSE,1000,0.959,0.955
710,FALSE,rational,2. prop8-mean=0,0.01,1001,QV,0.5,0.45,FALSE,1000,0.96,0.955
301,FALSE,rational,2. prop8-mean=0,0.01,501,QV,0.5,0.5,FALSE,1000,0.952,0.9511
302,FALSE,rational,2. prop8-mean=0,0.01,501,QV,0.5,0.5,FALSE,1000,0.95,0.9511
303,FALSE,rational,2. prop8-mean=0,0.01,501,QV,0.5,0.5,FALSE,1000,0.949,0.9511
304,FALSE,rational,2. prop8-mean=0,0.01,501,QV,0.5,0.5,FALSE,1000,0.95,0.9511
305,FALSE,rational,2. prop8-mean=0,0.01,501,QV,0.5,0.5,FALSE,1000,0.95,0.9511
306,FALSE,rational,2. prop8-mean=0,0.01,501,QV,0.5,0.5,FALSE,1000,0.938,0.9511
307,FALSE,rational,2. prop8-mean=0,0.01,501,QV,0.5,0.5,FALSE,1000,0.943,0.9511
308,FALSE,rational,2. prop8-mean=0,0.01,501,QV,0.5,0.5,FALSE,1000,0.963,0.9511
309,FALSE,rational,2. prop8-mean=0,0.01,501,QV,0.5,0.5,FALSE,1000,0.96,0.9511
310,FALSE,rational,2. prop8-mean=0,0.01,501,QV,0.5,0.5,FALSE,1000,0.956,0.9511
711,FALSE,rational,2. prop8-mean=0,0.01,1001,QV,0.5,0.5,FALSE,1000,0.951,0.9532
712,FALSE,rational,2. prop8-mean=0,0.01,1001,QV,0.5,0.5,FALSE,1000,0.955,0.9532
713,FALSE,rational,2. prop8-mean=0,0.01,1001,QV,0.5,0.5,FALSE,1000,0.955,0.9532
714,FALSE,rational,2. prop8-mean=0,0.01,1001,QV,0.5,0.5,FALSE,1000,0.948,0.9532
715,FALSE,rational,2. prop8-mean=0,0.01,1001,QV,0.5,0.5,FALSE,1000,0.95,0.9532
716,FALSE,rational,2. prop8-mean=0,0.01,1001,QV,0.5,0.5,FALSE,1000,0.948,0.9532
717,FALSE,rational,2. prop8-mean=0,0.01,1001,QV,0.5,0.5,FALSE,1000,0.955,0.9532
718,FALSE,rational,2. prop8-mean=0,0.01,1001,QV,0.5,0.5,FALSE,1000,0.957,0.9532
719,FALSE,rational,2. prop8-mean=0,0.01,1001,QV,0.5,0.5,FALSE,1000,0.964,0.9532
720,FALSE,rational,2. prop8-mean=0,0.01,1001,QV,0.5,0.5,FALSE,1000,0.949,0.9532
311,FALSE,rational,2. prop8-mean=0,0.01,501,QV,0.5,0.55,FALSE,1000,0.945,0.9509
312,FALSE,rational,2. prop8-mean=0,0.01,501,QV,0.5,0.55,FALSE,1000,0.96,0.9509
313,FALSE,rational,2. prop8-mean=0,0.01,501,QV,0.5,0.55,FALSE,1000,0.953,0.9509
314,FALSE,rational,2. prop8-mean=0,0.01,501,QV,0.5,0.55,FALSE,1000,0.946,0.9509
315,FALSE,rational,2. prop8-mean=0,0.01,501,QV,0.5,0.55,FALSE,1000,0.956,0.9509
316,FALSE,rational,2. prop8-mean=0,0.01,501,QV,0.5,0.55,FALSE,1000,0.945,0.9509
317,FALSE,rational,2. prop8-mean=0,0.01,501,QV,0.5,0.55,FALSE,1000,0.943,0.9509
318,FALSE,rational,2. prop8-mean=0,0.01,501,QV,0.5,0.55,FALSE,1000,0.951,0.9509
319,FALSE,rational,2. prop8-mean=0,0.01,501,QV,0.5,0.55,FALSE,1000,0.955,0.9509
320,FALSE,rational,2. prop8-mean=0,0.01,501,QV,0.5,0.55,FALSE,1000,0.955,0.9509
721,FALSE,rational,2. prop8-mean=0,0.01,1001,QV,0.5,0.55,FALSE,1000,0.954,0.9523
722,FALSE,rational,2. prop8-mean=0,0.01,1001,QV,0.5,0.55,FALSE,1000,0.942,0.9523
723,FALSE,rational,2. prop8-mean=0,0.01,1001,QV,0.5,0.55,FALSE,1000,0.954,0.9523
724,FALSE,rational,2. prop8-mean=0,0.01,1001,QV,0.5,0.55,FALSE,1000,0.952,0.9523
725,FALSE,rational,2. prop8-mean=0,0.01,1001,QV,0.5,0.55,FALSE,1000,0.939,0.9523
726,FALSE,rational,2. prop8-mean=0,0.01,1001,QV,0.5,0.55,FALSE,1000,0.959,0.9523
727,FALSE,rational,2. prop8-mean=0,0.01,1001,QV,0.5,0.55,FALSE,1000,0.955,0.9523
728,FALSE,rational,2. prop8-mean=0,0.01,1001,QV,0.5,0.55,FALSE,1000,0.952,0.9523
729,FALSE,rational,2. prop8-mean=0,0.01,1001,QV,0.5,0.55,FALSE,1000,0.964,0.9523
730,FALSE,rational,2. prop8-mean=0,0.01,1001,QV,0.5,0.55,FALSE,1000,0.952,0.9523
321,FALSE,rational,2. prop8-mean=0,0.01,501,QV,0.5,0.6,FALSE,1000,0.952,0.9517
322,FALSE,rational,2. prop8-mean=0,0.01,501,QV,0.5,0.6,FALSE,1000,0.955,0.9517
323,FALSE,rational,2. prop8-mean=0,0.01,501,QV,0.5,0.6,FALSE,1000,0.938,0.9517
324,FALSE,rational,2. prop8-mean=0,0.01,501,QV,0.5,0.6,FALSE,1000,0.956,0.9517
325,FALSE,rational,2. prop8-mean=0,0.01,501,QV,0.5,0.6,FALSE,1000,0.96,0.9517
326,FALSE,rational,2. prop8-mean=0,0.01,501,QV,0.5,0.6,FALSE,1000,0.948,0.9517
327,FALSE,rational,2. prop8-mean=0,0.01,501,QV,0.5,0.6,FALSE,1000,0.958,0.9517
328,FALSE,rational,2. prop8-mean=0,0.01,501,QV,0.5,0.6,FALSE,1000,0.945,0.9517
329,FALSE,rational,2. prop8-mean=0,0.01,501,QV,0.5,0.6,FALSE,1000,0.943,0.9517
330,FALSE,rational,2. prop8-mean=0,0.01,501,QV,0.5,0.6,FALSE,1000,0.962,0.9517
731,FALSE,rational,2. prop8-mean=0,0.01,1001,QV,0.5,0.6,FALSE,1000,0.953,0.9491
732,FALSE,rational,2. prop8-mean=0,0.01,1001,QV,0.5,0.6,FALSE,1000,0.952,0.9491
733,FALSE,rational,2. prop8-mean=0,0.01,1001,QV,0.5,0.6,FALSE,1000,0.943,0.9491
734,FALSE,rational,2. prop8-mean=0,0.01,1001,QV,0.5,0.6,FALSE,1000,0.948,0.9491
735,FALSE,rational,2. prop8-mean=0,0.01,1001,QV,0.5,0.6,FALSE,1000,0.962,0.9491
736,FALSE,rational,2. prop8-mean=0,0.01,1001,QV,0.5,0.6,FALSE,1000,0.947,0.9491
737,FALSE,rational,2. prop8-mean=0,0.01,1001,QV,0.5,0.6,FALSE,1000,0.937,0.9491
738,FALSE,rational,2. prop8-mean=0,0.01,1001,QV,0.5,0.6,FALSE,1000,0.947,0.9491
739,FALSE,rational,2. prop8-mean=0,0.01,1001,QV,0.5,0.6,FALSE,1000,0.946,0.9491
740,FALSE,rational,2. prop8-mean=0,0.01,1001,QV,0.5,0.6,FALSE,1000,0.956,0.9491
331,FALSE,rational,2. prop8-mean=0,0.01,501,QV,0.5,0.65,FALSE,1000,0.957,0.9459
332,FALSE,rational,2. prop8-mean=0,0.01,501,QV,0.5,0.65,FALSE,1000,0.938,0.9459
333,FALSE,rational,2. prop8-mean=0,0.01,501,QV,0.5,0.65,FALSE,1000,0.941,0.9459
334,FALSE,rational,2. prop8-mean=0,0.01,501,QV,0.5,0.65,FALSE,1000,0.957,0.9459
335,FALSE,rational,2. prop8-mean=0,0.01,501,QV,0.5,0.65,FALSE,1000,0.95,0.9459
336,FALSE,rational,2. prop8-mean=0,0.01,501,QV,0.5,0.65,FALSE,1000,0.948,0.9459
337,FALSE,rational,2. prop8-mean=0,0.01,501,QV,0.5,0.65,FALSE,1000,0.935,0.9459
338,FALSE,rational,2. prop8-mean=0,0.01,501,QV,0.5,0.65,FALSE,1000,0.944,0.9459
339,FALSE,rational,2. prop8-mean=0,0.01,501,QV,0.5,0.65,FALSE,1000,0.944,0.9459
340,FALSE,rational,2. prop8-mean=0,0.01,501,QV,0.5,0.65,FALSE,1000,0.945,0.9459
741,FALSE,rational,2. prop8-mean=0,0.01,1001,QV,0.5,0.65,FALSE,1000,0.946,0.9455
742,FALSE,rational,2. prop8-mean=0,0.01,1001,QV,0.5,0.65,FALSE,1000,0.939,0.9455
743,FALSE,rational,2. prop8-mean=0,0.01,1001,QV,0.5,0.65,FALSE,1000,0.948,0.9455
744,FALSE,rational,2. prop8-mean=0,0.01,1001,QV,0.5,0.65,FALSE,1000,0.948,0.9455
745,FALSE,rational,2. prop8-mean=0,0.01,1001,QV,0.5,0.65,FALSE,1000,0.963,0.9455
746,FALSE,rational,2. prop8-mean=0,0.01,1001,QV,0.5,0.65,FALSE,1000,0.943,0.9455
747,FALSE,rational,2. prop8-mean=0,0.01,1001,QV,0.5,0.65,FALSE,1000,0.954,0.9455
748,FALSE,rational,2. prop8-mean=0,0.01,1001,QV,0.5,0.65,FALSE,1000,0.942,0.9455
749,FALSE,rational,2. prop8-mean=0,0.01,1001,QV,0.5,0.65,FALSE,1000,0.93,0.9455
750,FALSE,rational,2. prop8-mean=0,0.01,1001,QV,0.5,0.65,FALSE,1000,0.942,0.9455
341,FALSE,rational,2. prop8-mean=0,0.01,501,QV,0.5,0.7,FALSE,1000,0.954,0.9482
342,FALSE,rational,2. prop8-mean=0,0.01,501,QV,0.5,0.7,FALSE,1000,0.95,0.9482
343,FALSE,rational,2. prop8-mean=0,0.01,501,QV,0.5,0.7,FALSE,1000,0.948,0.9482
344,FALSE,rational,2. prop8-mean=0,0.01,501,QV,0.5,0.7,FALSE,1000,0.943,0.9482
345,FALSE,rational,2. prop8-mean=0,0.01,501,QV,0.5,0.7,FALSE,1000,0.951,0.9482
346,FALSE,rational,2. prop8-mean=0,0.01,501,QV,0.5,0.7,FALSE,1000,0.946,0.9482
347,FALSE,rational,2. prop8-mean=0,0.01,501,QV,0.5,0.7,FALSE,1000,0.949,0.9482
348,FALSE,rational,2. prop8-mean=0,0.01,501,QV,0.5,0.7,FALSE,1000,0.952,0.9482
349,FALSE,rational,2. prop8-mean=0,0.01,501,QV,0.5,0.7,FALSE,1000,0.944,0.9482
350,FALSE,rational,2. prop8-mean=0,0.01,501,QV,0.5,0.7,FALSE,1000,0.945,0.9482
751,FALSE,rational,2. prop8-mean=0,0.01,1001,QV,0.5,0.7,FALSE,1000,0.936,0.9479
752,FALSE,rational,2. prop8-mean=0,0.01,1001,QV,0.5,0.7,FALSE,1000,0.953,0.9479
753,FALSE,rational,2. prop8-mean=0,0.01,1001,QV,0.5,0.7,FALSE,1000,0.956,0.9479
754,FALSE,rational,2. prop8-mean=0,0.01,1001,QV,0.5,0.7,FALSE,1000,0.954,0.9479
755,FALSE,rational,2. prop8-mean=0,0.01,1001,QV,0.5,0.7,FALSE,1000,0.936,0.9479
756,FALSE,rational,2. prop8-mean=0,0.01,1001,QV,0.5,0.7,FALSE,1000,0.946,0.9479
757,FALSE,rational,2. prop8-mean=0,0.01,1001,QV,0.5,0.7,FALSE,1000,0.952,0.9479
758,FALSE,rational,2. prop8-mean=0,0.01,1001,QV,0.5,0.7,FALSE,1000,0.948,0.9479
759,FALSE,rational,2. prop8-mean=0,0.01,1001,QV,0.5,0.7,FALSE,1000,0.946,0.9479
760,FALSE,rational,2. prop8-mean=0,0.01,1001,QV,0.5,0.7,FALSE,1000,0.952,0.9479
351,FALSE,rational,2. prop8-mean=0,0.01,501,QV,0.5,0.75,FALSE,1000,0.941,0.9451
352,FALSE,rational,2. prop8-mean=0,0.01,501,QV,0.5,0.75,FALSE,1000,0.948,0.9451
353,FALSE,rational,2. prop8-mean=0,0.01,501,QV,0.5,0.75,FALSE,1000,0.952,0.9451
354,FALSE,rational,2. prop8-mean=0,0.01,501,QV,0.5,0.75,FALSE,1000,0.951,0.9451
355,FALSE,rational,2. prop8-mean=0,0.01,501,QV,0.5,0.75,FALSE,1000,0.939,0.9451
356,FALSE,rational,2. prop8-mean=0,0.01,501,QV,0.5,0.75,FALSE,1000,0.95,0.9451
357,FALSE,rational,2. prop8-mean=0,0.01,501,QV,0.5,0.75,FALSE,1000,0.942,0.9451
358,FALSE,rational,2. prop8-mean=0,0.01,501,QV,0.5,0.75,FALSE,1000,0.932,0.9451
359,FALSE,rational,2. prop8-mean=0,0.01,501,QV,0.5,0.75,FALSE,1000,0.958,0.9451
360,FALSE,rational,2. prop8-mean=0,0.01,501,QV,0.5,0.75,FALSE,1000,0.938,0.9451
761,FALSE,rational,2. prop8-mean=0,0.01,1001,QV,0.5,0.75,FALSE,1000,0.946,0.9481
762,FALSE,rational,2. prop8-mean=0,0.01,1001,QV,0.5,0.75,FALSE,1000,0.943,0.9481
763,FALSE,rational,2. prop8-mean=0,0.01,1001,QV,0.5,0.75,FALSE,1000,0.937,0.9481
764,FALSE,rational,2. prop8-mean=0,0.01,1001,QV,0.5,0.75,FALSE,1000,0.953,0.9481
765,FALSE,rational,2. prop8-mean=0,0.01,1001,QV,0.5,0.75,FALSE,1000,0.953,0.9481
766,FALSE,rational,2. prop8-mean=0,0.01,1001,QV,0.5,0.75,FALSE,1000,0.954,0.9481
767,FALSE,rational,2. prop8-mean=0,0.01,1001,QV,0.5,0.75,FALSE,1000,0.947,0.9481
768,FALSE,rational,2. prop8-mean=0,0.01,1001,QV,0.5,0.75,FALSE,1000,0.95,0.9481
769,FALSE,rational,2. prop8-mean=0,0.01,1001,QV,0.5,0.75,FALSE,1000,0.963,0.9481
770,FALSE,rational,2. prop8-mean=0,0.01,1001,QV,0.5,0.75,FALSE,1000,0.935,0.9481
361,FALSE,rational,2. prop8-mean=0,0.01,501,QV,0.5,0.8,FALSE,1000,0.948,0.9413
362,FALSE,rational,2. prop8-mean=0,0.01,501,QV,0.5,0.8,FALSE,1000,0.944,0.9413
363,FALSE,rational,2. prop8-mean=0,0.01,501,QV,0.5,0.8,FALSE,1000,0.936,0.9413
364,FALSE,rational,2. prop8-mean=0,0.01,501,QV,0.5,0.8,FALSE,1000,0.942,0.9413
365,FALSE,rational,2. prop8-mean=0,0.01,501,QV,0.5,0.8,FALSE,1000,0.942,0.9413
366,FALSE,rational,2. prop8-mean=0,0.01,501,QV,0.5,0.8,FALSE,1000,0.942,0.9413
367,FALSE,rational,2. prop8-mean=0,0.01,501,QV,0.5,0.8,FALSE,1000,0.94,0.9413
368,FALSE,rational,2. prop8-mean=0,0.01,501,QV,0.5,0.8,FALSE,1000,0.939,0.9413
369,FALSE,rational,2. prop8-mean=0,0.01,501,QV,0.5,0.8,FALSE,1000,0.943,0.9413
370,FALSE,rational,2. prop8-mean=0,0.01,501,QV,0.5,0.8,FALSE,1000,0.937,0.9413
771,FALSE,rational,2. prop8-mean=0,0.01,1001,QV,0.5,0.8,FALSE,1000,0.939,0.941
772,FALSE,rational,2. prop8-mean=0,0.01,1001,QV,0.5,0.8,FALSE,1000,0.939,0.941
773,FALSE,rational,2. prop8-mean=0,0.01,1001,QV,0.5,0.8,FALSE,1000,0.938,0.941
774,FALSE,rational,2. prop8-mean=0,0.01,1001,QV,0.5,0.8,FALSE,1000,0.949,0.941
775,FALSE,rational,2. prop8-mean=0,0.01,1001,QV,0.5,0.8,FALSE,1000,0.931,0.941
776,FALSE,rational,2. prop8-mean=0,0.01,1001,QV,0.5,0.8,FALSE,1000,0.942,0.941
777,FALSE,rational,2. prop8-mean=0,0.01,1001,QV,0.5,0.8,FALSE,1000,0.952,0.941
778,FALSE,rational,2. prop8-mean=0,0.01,1001,QV,0.5,0.8,FALSE,1000,0.939,0.941
779,FALSE,rational,2. prop8-mean=0,0.01,1001,QV,0.5,0.8,FALSE,1000,0.937,0.941
780,FALSE,rational,2. prop8-mean=0,0.01,1001,QV,0.5,0.8,FALSE,1000,0.944,0.941
371,FALSE,rational,2. prop8-mean=0,0.01,501,QV,0.5,0.85,FALSE,1000,0.94,0.9427
372,FALSE,rational,2. prop8-mean=0,0.01,501,QV,0.5,0.85,FALSE,1000,0.93,0.9427
373,FALSE,rational,2. prop8-mean=0,0.01,501,QV,0.5,0.85,FALSE,1000,0.958,0.9427
374,FALSE,rational,2. prop8-mean=0,0.01,501,QV,0.5,0.85,FALSE,1000,0.957,0.9427
375,FALSE,rational,2. prop8-mean=0,0.01,501,QV,0.5,0.85,FALSE,1000,0.942,0.9427
376,FALSE,rational,2. prop8-mean=0,0.01,501,QV,0.5,0.85,FALSE,1000,0.944,0.9427
377,FALSE,rational,2. prop8-mean=0,0.01,501,QV,0.5,0.85,FALSE,1000,0.94,0.9427
378,FALSE,rational,2. prop8-mean=0,0.01,501,QV,0.5,0.85,FALSE,1000,0.938,0.9427
379,FALSE,rational,2. prop8-mean=0,0.01,501,QV,0.5,0.85,FALSE,1000,0.936,0.9427
380,FALSE,rational,2. prop8-mean=0,0.01,501,QV,0.5,0.85,FALSE,1000,0.942,0.9427
781,FALSE,rational,2. prop8-mean=0,0.01,1001,QV,0.5,0.85,FALSE,1000,0.94,0.9415
782,FALSE,rational,2. prop8-mean=0,0.01,1001,QV,0.5,0.85,FALSE,1000,0.946,0.9415
783,FALSE,rational,2. prop8-mean=0,0.01,1001,QV,0.5,0.85,FALSE,1000,0.935,0.9415
784,FALSE,rational,2. prop8-mean=0,0.01,1001,QV,0.5,0.85,FALSE,1000,0.941,0.9415
785,FALSE,rational,2. prop8-mean=0,0.01,1001,QV,0.5,0.85,FALSE,1000,0.936,0.9415
786,FALSE,rational,2. prop8-mean=0,0.01,1001,QV,0.5,0.85,FALSE,1000,0.942,0.9415
787,FALSE,rational,2. prop8-mean=0,0.01,1001,QV,0.5,0.85,FALSE,1000,0.95,0.9415
788,FALSE,rational,2. prop8-mean=0,0.01,1001,QV,0.5,0.85,FALSE,1000,0.953,0.9415
789,FALSE,rational,2. prop8-mean=0,0.01,1001,QV,0.5,0.85,FALSE,1000,0.926,0.9415
790,FALSE,rational,2. prop8-mean=0,0.01,1001,QV,0.5,0.85,FALSE,1000,0.946,0.9415
381,FALSE,rational,2. prop8-mean=0,0.01,501,QV,0.5,0.9,FALSE,1000,0.945,0.937
382,FALSE,rational,2. prop8-mean=0,0.01,501,QV,0.5,0.9,FALSE,1000,0.93,0.937
383,FALSE,rational,2. prop8-mean=0,0.01,501,QV,0.5,0.9,FALSE,1000,0.938,0.937
384,FALSE,rational,2. prop8-mean=0,0.01,501,QV,0.5,0.9,FALSE,1000,0.931,0.937
385,FALSE,rational,2. prop8-mean=0,0.01,501,QV,0.5,0.9,FALSE,1000,0.936,0.937
386,FALSE,rational,2. prop8-mean=0,0.01,501,QV,0.5,0.9,FALSE,1000,0.945,0.937
387,FALSE,rational,2. prop8-mean=0,0.01,501,QV,0.5,0.9,FALSE,1000,0.934,0.937
388,FALSE,rational,2. prop8-mean=0,0.01,501,QV,0.5,0.9,FALSE,1000,0.941,0.937
389,FALSE,rational,2. prop8-mean=0,0.01,501,QV,0.5,0.9,FALSE,1000,0.938,0.937
390,FALSE,rational,2. prop8-mean=0,0.01,501,QV,0.5,0.9,FALSE,1000,0.932,0.937
791,FALSE,rational,2. prop8-mean=0,0.01,1001,QV,0.5,0.9,FALSE,1000,0.937,0.9391
792,FALSE,rational,2. prop8-mean=0,0.01,1001,QV,0.5,0.9,FALSE,1000,0.948,0.9391
793,FALSE,rational,2. prop8-mean=0,0.01,1001,QV,0.5,0.9,FALSE,1000,0.929,0.9391
794,FALSE,rational,2. prop8-mean=0,0.01,1001,QV,0.5,0.9,FALSE,1000,0.926,0.9391
795,FALSE,rational,2. prop8-mean=0,0.01,1001,QV,0.5,0.9,FALSE,1000,0.928,0.9391
796,FALSE,rational,2. prop8-mean=0,0.01,1001,QV,0.5,0.9,FALSE,1000,0.948,0.9391
797,FALSE,rational,2. prop8-mean=0,0.01,1001,QV,0.5,0.9,FALSE,1000,0.949,0.9391
798,FALSE,rational,2. prop8-mean=0,0.01,1001,QV,0.5,0.9,FALSE,1000,0.944,0.9391
799,FALSE,rational,2. prop8-mean=0,0.01,1001,QV,0.5,0.9,FALSE,1000,0.935,0.9391
800,FALSE,rational,2. prop8-mean=0,0.01,1001,QV,0.5,0.9,FALSE,1000,0.947,0.9391
391,FALSE,rational,2. prop8-mean=0,0.01,501,QV,0.5,0.95,FALSE,1000,0.934,0.9362
392,FALSE,rational,2. prop8-mean=0,0.01,501,QV,0.5,0.95,FALSE,1000,0.939,0.9362
393,FALSE,rational,2. prop8-mean=0,0.01,501,QV,0.5,0.95,FALSE,1000,0.94,0.9362
394,FALSE,rational,2. prop8-mean=0,0.01,501,QV,0.5,0.95,FALSE,1000,0.934,0.9362
395,FALSE,rational,2. prop8-mean=0,0.01,501,QV,0.5,0.95,FALSE,1000,0.938,0.9362
396,FALSE,rational,2. prop8-mean=0,0.01,501,QV,0.5,0.95,FALSE,1000,0.947,0.9362
397,FALSE,rational,2. prop8-mean=0,0.01,501,QV,0.5,0.95,FALSE,1000,0.919,0.9362
398,FALSE,rational,2. prop8-mean=0,0.01,501,QV,0.5,0.95,FALSE,1000,0.935,0.9362
399,FALSE,rational,2. prop8-mean=0,0.01,501,QV,0.5,0.95,FALSE,1000,0.936,0.9362
400,FALSE,rational,2. prop8-mean=0,0.01,501,QV,0.5,0.95,FALSE,1000,0.94,0.9362
801,FALSE,rational,2. prop8-mean=0,0.01,1001,QV,0.5,0.95,FALSE,1000,0.934,0.9307
802,FALSE,rational,2. prop8-mean=0,0.01,1001,QV,0.5,0.95,FALSE,1000,0.937,0.9307
803,FALSE,rational,2. prop8-mean=0,0.01,1001,QV,0.5,0.95,FALSE,1000,0.914,0.9307
804,FALSE,rational,2. prop8-mean=0,0.01,1001,QV,0.5,0.95,FALSE,1000,0.934,0.9307
805,FALSE,rational,2. prop8-mean=0,0.01,1001,QV,0.5,0.95,FALSE,1000,0.932,0.9307
806,FALSE,rational,2. prop8-mean=0,0.01,1001,QV,0.5,0.95,FALSE,1000,0.942,0.9307
807,FALSE,rational,2. prop8-mean=0,0.01,1001,QV,0.5,0.95,FALSE,1000,0.919,0.9307
808,FALSE,rational,2. prop8-mean=0,0.01,1001,QV,0.5,0.95,FALSE,1000,0.938,0.9307
809,FALSE,rational,2. prop8-mean=0,0.01,1001,QV,0.5,0.95,FALSE,1000,0.929,0.9307
810,FALSE,rational,2. prop8-mean=0,0.01,1001,QV,0.5,0.95,FALSE,1000,0.928,0.9307
401,FALSE,rational,2. prop8-mean=0,0.01,501,QV,0.5,1,FALSE,1000,0.925,0.9362
402,FALSE,rational,2. prop8-mean=0,0.01,501,QV,0.5,1,FALSE,1000,0.941,0.9362
403,FALSE,rational,2. prop8-mean=0,0.01,501,QV,0.5,1,FALSE,1000,0.932,0.9362
404,FALSE,rational,2. prop8-mean=0,0.01,501,QV,0.5,1,FALSE,1000,0.936,0.9362
405,FALSE,rational,2. prop8-mean=0,0.01,501,QV,0.5,1,FALSE,1000,0.923,0.9362
406,FALSE,rational,2. prop8-mean=0,0.01,501,QV,0.5,1,FALSE,1000,0.938,0.9362
407,FALSE,rational,2. prop8-mean=0,0.01,501,QV,0.5,1,FALSE,1000,0.943,0.9362
408,FALSE,rational,2. prop8-mean=0,0.01,501,QV,0.5,1,FALSE,1000,0.942,0.9362
409,FALSE,rational,2. prop8-mean=0,0.01,501,QV,0.5,1,FALSE,1000,0.938,0.9362
410,FALSE,rational,2. prop8-mean=0,0.01,501,QV,0.5,1,FALSE,1000,0.944,0.9362
811,FALSE,rational,2. prop8-mean=0,0.01,1001,QV,0.5,1,FALSE,1000,0.925,0.931
812,FALSE,rational,2. prop8-mean=0,0.01,1001,QV,0.5,1,FALSE,1000,0.932,0.931
813,FALSE,rational,2. prop8-mean=0,0.01,1001,QV,0.5,1,FALSE,1000,0.933,0.931
814,FALSE,rational,2. prop8-mean=0,0.01,1001,QV,0.5,1,FALSE,1000,0.934,0.931
815,FALSE,rational,2. prop8-mean=0,0.01,1001,QV,0.5,1,FALSE,1000,0.937,0.931
816,FALSE,rational,2. prop8-mean=0,0.01,1001,QV,0.5,1,FALSE,1000,0.922,0.931
817,FALSE,rational,2. prop8-mean=0,0.01,1001,QV,0.5,1,FALSE,1000,0.931,0.931
818,FALSE,rational,2. prop8-mean=0,0.01,1001,QV,0.5,1,FALSE,1000,0.928,0.931
819,FALSE,rational,2. prop8-mean=0,0.01,1001,QV,0.5,1,FALSE,1000,0.935,0.931
820,FALSE,rational,2. prop8-mean=0,0.01,1001,QV,0.5,1,FALSE,1000,0.933,0.931
