[run number],payoff-include-votes-cost?,majority-mean-utility,majority-utility-stdev,minority-mean-utility,minority-utility-stdev,minority-fraction,behavior-under-qv,calibration,variance-of-pmp,number-of-voters,voting-mechanism,marginal-pivotality,utility-pmp-correlation,limit-votes?,[step],mean payoff-sign-list,average payoff,yerrormin,yerrormax
4,FALSE,-4,1,6.1,1,0.4,rational,manual,0.01,1001,QV,0.5,-1,FALSE,1000,0.129,0.1328,0.101,0.153
5,FALSE,-4,1,6.1,1,0.4,rational,manual,0.01,1001,QV,0.5,-1,FALSE,1000,0.13,0.1328,0.101,0.153
8,FALSE,-4,1,6.1,1,0.4,rational,manual,0.01,1001,QV,0.5,-1,FALSE,1000,0.136,0.1328,0.101,0.153
3,FALSE,-4,1,6.1,1,0.4,rational,manual,0.01,1001,QV,0.5,-1,FALSE,1000,0.135,0.1328,0.101,0.153
7,FALSE,-4,1,6.1,1,0.4,rational,manual,0.01,1001,QV,0.5,-1,FALSE,1000,0.142,0.1328,0.101,0.153
2,FALSE,-4,1,6.1,1,0.4,rational,manual,0.01,1001,QV,0.5,-1,FALSE,1000,0.124,0.1328,0.101,0.153
6,FALSE,-4,1,6.1,1,0.4,rational,manual,0.01,1001,QV,0.5,-1,FALSE,1000,0.139,0.1328,0.101,0.153
1,FALSE,-4,1,6.1,1,0.4,rational,manual,0.01,1001,QV,0.5,-1,FALSE,1000,0.123,0.1328,0.101,0.153
10,FALSE,-4,1,6.1,1,0.4,rational,manual,0.01,1001,QV,0.5,-1,FALSE,1000,0.127,0.1328,0.101,0.153
9,FALSE,-4,1,6.1,1,0.4,rational,manual,0.01,1001,QV,0.5,-1,FALSE,1000,0.143,0.1328,0.101,0.153
12,FALSE,-4,1,6.1,1,0.4,rational,manual,0.01,1001,QV,0.5,-0.95,FALSE,1000,0.14,0.1276,0.101,0.153
13,FALSE,-4,1,6.1,1,0.4,rational,manual,0.01,1001,QV,0.5,-0.95,FALSE,1000,0.108,0.1276,0.101,0.153
11,FALSE,-4,1,6.1,1,0.4,rational,manual,0.01,1001,QV,0.5,-0.95,FALSE,1000,0.11,0.1276,0.101,0.153
14,FALSE,-4,1,6.1,1,0.4,rational,manual,0.01,1001,QV,0.5,-0.95,FALSE,1000,0.148,0.1276,0.101,0.153
15,FALSE,-4,1,6.1,1,0.4,rational,manual,0.01,1001,QV,0.5,-0.95,FALSE,1000,0.137,0.1276,0.101,0.153
16,FALSE,-4,1,6.1,1,0.4,rational,manual,0.01,1001,QV,0.5,-0.95,FALSE,1000,0.136,0.1276,0.101,0.153
17,FALSE,-4,1,6.1,1,0.4,rational,manual,0.01,1001,QV,0.5,-0.95,FALSE,1000,0.141,0.1276,0.101,0.153
18,FALSE,-4,1,6.1,1,0.4,rational,manual,0.01,1001,QV,0.5,-0.95,FALSE,1000,0.126,0.1276,0.101,0.153
19,FALSE,-4,1,6.1,1,0.4,rational,manual,0.01,1001,QV,0.5,-0.95,FALSE,1000,0.116,0.1276,0.101,0.153
20,FALSE,-4,1,6.1,1,0.4,rational,manual,0.01,1001,QV,0.5,-0.95,FALSE,1000,0.135,0.1306,0.101,0.153
21,FALSE,-4,1,6.1,1,0.4,rational,manual,0.01,1001,QV,0.5,-0.9,FALSE,1000,0.114,0.1276,0.101,0.153
22,FALSE,-4,1,6.1,1,0.4,rational,manual,0.01,1001,QV,0.5,-0.9,FALSE,1000,0.136,0.1306,0.101,0.153
23,FALSE,-4,1,6.1,1,0.4,rational,manual,0.01,1001,QV,0.5,-0.9,FALSE,1000,0.142,0.1306,0.101,0.153
24,FALSE,-4,1,6.1,1,0.4,rational,manual,0.01,1001,QV,0.5,-0.9,FALSE,1000,0.121,0.1306,0.101,0.153
25,FALSE,-4,1,6.1,1,0.4,rational,manual,0.01,1001,QV,0.5,-0.9,FALSE,1000,0.14,0.1306,0.101,0.153
26,FALSE,-4,1,6.1,1,0.4,rational,manual,0.01,1001,QV,0.5,-0.9,FALSE,1000,0.114,0.1306,0.101,0.153
27,FALSE,-4,1,6.1,1,0.4,rational,manual,0.01,1001,QV,0.5,-0.9,FALSE,1000,0.112,0.1306,0.101,0.153
29,FALSE,-4,1,6.1,1,0.4,rational,manual,0.01,1001,QV,0.5,-0.9,FALSE,1000,0.141,0.1306,0.101,0.153
28,FALSE,-4,1,6.1,1,0.4,rational,manual,0.01,1001,QV,0.5,-0.9,FALSE,1000,0.122,0.1306,0.101,0.153
30,FALSE,-4,1,6.1,1,0.4,rational,manual,0.01,1001,QV,0.5,-0.9,FALSE,1000,0.143,0.1306,0.101,0.153
31,FALSE,-4,1,6.1,1,0.4,rational,manual,0.01,1001,QV,0.5,-0.85,FALSE,1000,0.148,0.1307,0.101,0.153
32,FALSE,-4,1,6.1,1,0.4,rational,manual,0.01,1001,QV,0.5,-0.85,FALSE,1000,0.119,0.1307,0.101,0.153
33,FALSE,-4,1,6.1,1,0.4,rational,manual,0.01,1001,QV,0.5,-0.85,FALSE,1000,0.121,0.1307,0.101,0.153
34,FALSE,-4,1,6.1,1,0.4,rational,manual,0.01,1001,QV,0.5,-0.85,FALSE,1000,0.116,0.1307,0.101,0.153
35,FALSE,-4,1,6.1,1,0.4,rational,manual,0.01,1001,QV,0.5,-0.85,FALSE,1000,0.129,0.1307,0.101,0.153
37,FALSE,-4,1,6.1,1,0.4,rational,manual,0.01,1001,QV,0.5,-0.85,FALSE,1000,0.128,0.1307,0.101,0.153
36,FALSE,-4,1,6.1,1,0.4,rational,manual,0.01,1001,QV,0.5,-0.85,FALSE,1000,0.148,0.1307,0.101,0.153
38,FALSE,-4,1,6.1,1,0.4,rational,manual,0.01,1001,QV,0.5,-0.85,FALSE,1000,0.128,0.1307,0.101,0.153
39,FALSE,-4,1,6.1,1,0.4,rational,manual,0.01,1001,QV,0.5,-0.85,FALSE,1000,0.117,0.1307,0.101,0.153
40,FALSE,-4,1,6.1,1,0.4,rational,manual,0.01,1001,QV,0.5,-0.85,FALSE,1000,0.153,0.1307,0.101,0.153
42,FALSE,-4,1,6.1,1,0.4,rational,manual,0.01,1001,QV,0.5,-0.8,FALSE,1000,0.123,0.1249,0.101,0.153
43,FALSE,-4,1,6.1,1,0.4,rational,manual,0.01,1001,QV,0.5,-0.8,FALSE,1000,0.131,0.1249,0.101,0.153
41,FALSE,-4,1,6.1,1,0.4,rational,manual,0.01,1001,QV,0.5,-0.8,FALSE,1000,0.133,0.1249,0.101,0.153
44,FALSE,-4,1,6.1,1,0.4,rational,manual,0.01,1001,QV,0.5,-0.8,FALSE,1000,0.13,0.1249,0.101,0.153
45,FALSE,-4,1,6.1,1,0.4,rational,manual,0.01,1001,QV,0.5,-0.8,FALSE,1000,0.105,0.1249,0.101,0.153
46,FALSE,-4,1,6.1,1,0.4,rational,manual,0.01,1001,QV,0.5,-0.8,FALSE,1000,0.119,0.1249,0.101,0.153
47,FALSE,-4,1,6.1,1,0.4,rational,manual,0.01,1001,QV,0.5,-0.8,FALSE,1000,0.138,0.1249,0.101,0.153
49,FALSE,-4,1,6.1,1,0.4,rational,manual,0.01,1001,QV,0.5,-0.8,FALSE,1000,0.101,0.1249,0.101,0.153
50,FALSE,-4,1,6.1,1,0.4,rational,manual,0.01,1001,QV,0.5,-0.8,FALSE,1000,0.126,0.1249,0.101,0.153
48,FALSE,-4,1,6.1,1,0.4,rational,manual,0.01,1001,QV,0.5,-0.8,FALSE,1000,0.144,0.1332,0.101,0.153
51,FALSE,-4,1,6.1,1,0.4,rational,manual,0.01,1001,QV,0.5,-0.75,FALSE,1000,0.143,0.1249,0.101,0.153
52,FALSE,-4,1,6.1,1,0.4,rational,manual,0.01,1001,QV,0.5,-0.75,FALSE,1000,0.126,0.1332,0.101,0.153
53,FALSE,-4,1,6.1,1,0.4,rational,manual,0.01,1001,QV,0.5,-0.75,FALSE,1000,0.116,0.1332,0.101,0.153
54,FALSE,-4,1,6.1,1,0.4,rational,manual,0.01,1001,QV,0.5,-0.75,FALSE,1000,0.134,0.1332,0.101,0.153
55,FALSE,-4,1,6.1,1,0.4,rational,manual,0.01,1001,QV,0.5,-0.75,FALSE,1000,0.135,0.1332,0.101,0.153
57,FALSE,-4,1,6.1,1,0.4,rational,manual,0.01,1001,QV,0.5,-0.75,FALSE,1000,0.142,0.1332,0.101,0.153
56,FALSE,-4,1,6.1,1,0.4,rational,manual,0.01,1001,QV,0.5,-0.75,FALSE,1000,0.136,0.1332,0.101,0.153
58,FALSE,-4,1,6.1,1,0.4,rational,manual,0.01,1001,QV,0.5,-0.75,FALSE,1000,0.131,0.1332,0.101,0.153
59,FALSE,-4,1,6.1,1,0.4,rational,manual,0.01,1001,QV,0.5,-0.75,FALSE,1000,0.143,0.1332,0.101,0.153
60,FALSE,-4,1,6.1,1,0.4,rational,manual,0.01,1001,QV,0.5,-0.75,FALSE,1000,0.125,0.1332,0.101,0.153
62,FALSE,-4,1,6.1,1,0.4,rational,manual,0.01,1001,QV,0.5,-0.7,FALSE,1000,0.119,0.1323,0.101,0.153
63,FALSE,-4,1,6.1,1,0.4,rational,manual,0.01,1001,QV,0.5,-0.7,FALSE,1000,0.123,0.1323,0.101,0.153
61,FALSE,-4,1,6.1,1,0.4,rational,manual,0.01,1001,QV,0.5,-0.7,FALSE,1000,0.125,0.1323,0.101,0.153
66,FALSE,-4,1,6.1,1,0.4,rational,manual,0.01,1001,QV,0.5,-0.7,FALSE,1000,0.147,0.1323,0.101,0.153
64,FALSE,-4,1,6.1,1,0.4,rational,manual,0.01,1001,QV,0.5,-0.7,FALSE,1000,0.145,0.1323,0.101,0.153
65,FALSE,-4,1,6.1,1,0.4,rational,manual,0.01,1001,QV,0.5,-0.7,FALSE,1000,0.149,0.1323,0.101,0.153
67,FALSE,-4,1,6.1,1,0.4,rational,manual,0.01,1001,QV,0.5,-0.7,FALSE,1000,0.15,0.1323,0.101,0.153
68,FALSE,-4,1,6.1,1,0.4,rational,manual,0.01,1001,QV,0.5,-0.7,FALSE,1000,0.144,0.1323,0.101,0.153
69,FALSE,-4,1,6.1,1,0.4,rational,manual,0.01,1001,QV,0.5,-0.7,FALSE,1000,0.112,0.1323,0.101,0.153
70,FALSE,-4,1,6.1,1,0.4,rational,manual,0.01,1001,QV,0.5,-0.7,FALSE,1000,0.109,0.1323,0.101,0.153
71,FALSE,-4,1,6.1,1,0.4,rational,manual,0.01,1001,QV,0.5,-0.65,FALSE,1000,0.143,0.1307,0.101,0.153
72,FALSE,-4,1,6.1,1,0.4,rational,manual,0.01,1001,QV,0.5,-0.65,FALSE,1000,0.121,0.1307,0.101,0.153
73,FALSE,-4,1,6.1,1,0.4,rational,manual,0.01,1001,QV,0.5,-0.65,FALSE,1000,0.151,0.1307,0.101,0.153
74,FALSE,-4,1,6.1,1,0.4,rational,manual,0.01,1001,QV,0.5,-0.65,FALSE,1000,0.12,0.1307,0.101,0.153
75,FALSE,-4,1,6.1,1,0.4,rational,manual,0.01,1001,QV,0.5,-0.65,FALSE,1000,0.12,0.1307,0.101,0.153
76,FALSE,-4,1,6.1,1,0.4,rational,manual,0.01,1001,QV,0.5,-0.65,FALSE,1000,0.129,0.1307,0.101,0.153
77,FALSE,-4,1,6.1,1,0.4,rational,manual,0.01,1001,QV,0.5,-0.65,FALSE,1000,0.125,0.1307,0.101,0.153
78,FALSE,-4,1,6.1,1,0.4,rational,manual,0.01,1001,QV,0.5,-0.65,FALSE,1000,0.127,0.1307,0.101,0.153
79,FALSE,-4,1,6.1,1,0.4,rational,manual,0.01,1001,QV,0.5,-0.65,FALSE,1000,0.142,0.1307,0.101,0.153
80,FALSE,-4,1,6.1,1,0.4,rational,manual,0.01,1001,QV,0.5,-0.65,FALSE,1000,0.129,0.1307,0.101,0.153
81,FALSE,-4,1,6.1,1,0.4,rational,manual,0.01,1001,QV,0.5,-0.6,FALSE,1000,0.139,0.1282,0.101,0.153
82,FALSE,-4,1,6.1,1,0.4,rational,manual,0.01,1001,QV,0.5,-0.6,FALSE,1000,0.13,0.1282,0.101,0.153
83,FALSE,-4,1,6.1,1,0.4,rational,manual,0.01,1001,QV,0.5,-0.6,FALSE,1000,0.125,0.1282,0.101,0.153
84,FALSE,-4,1,6.1,1,0.4,rational,manual,0.01,1001,QV,0.5,-0.6,FALSE,1000,0.125,0.1282,0.101,0.153
85,FALSE,-4,1,6.1,1,0.4,rational,manual,0.01,1001,QV,0.5,-0.6,FALSE,1000,0.122,0.1282,0.101,0.153
86,FALSE,-4,1,6.1,1,0.4,rational,manual,0.01,1001,QV,0.5,-0.6,FALSE,1000,0.14,0.1282,0.101,0.153
87,FALSE,-4,1,6.1,1,0.4,rational,manual,0.01,1001,QV,0.5,-0.6,FALSE,1000,0.129,0.1282,0.101,0.153
88,FALSE,-4,1,6.1,1,0.4,rational,manual,0.01,1001,QV,0.5,-0.6,FALSE,1000,0.121,0.1282,0.101,0.153
89,FALSE,-4,1,6.1,1,0.4,rational,manual,0.01,1001,QV,0.5,-0.6,FALSE,1000,0.135,0.1282,0.101,0.153
90,FALSE,-4,1,6.1,1,0.4,rational,manual,0.01,1001,QV,0.5,-0.6,FALSE,1000,0.116,0.1282,0.101,0.153
91,FALSE,-4,1,6.1,1,0.4,rational,manual,0.01,1001,QV,0.5,-0.55,FALSE,1000,0.13,0.1288,0.101,0.153
92,FALSE,-4,1,6.1,1,0.4,rational,manual,0.01,1001,QV,0.5,-0.55,FALSE,1000,0.133,0.1288,0.101,0.153
93,FALSE,-4,1,6.1,1,0.4,rational,manual,0.01,1001,QV,0.5,-0.55,FALSE,1000,0.131,0.1288,0.101,0.153
94,FALSE,-4,1,6.1,1,0.4,rational,manual,0.01,1001,QV,0.5,-0.55,FALSE,1000,0.119,0.1288,0.101,0.153
95,FALSE,-4,1,6.1,1,0.4,rational,manual,0.01,1001,QV,0.5,-0.55,FALSE,1000,0.129,0.1288,0.101,0.153
96,FALSE,-4,1,6.1,1,0.4,rational,manual,0.01,1001,QV,0.5,-0.55,FALSE,1000,0.136,0.1288,0.101,0.153
97,FALSE,-4,1,6.1,1,0.4,rational,manual,0.01,1001,QV,0.5,-0.55,FALSE,1000,0.139,0.1288,0.101,0.153
98,FALSE,-4,1,6.1,1,0.4,rational,manual,0.01,1001,QV,0.5,-0.55,FALSE,1000,0.127,0.1288,0.101,0.153
99,FALSE,-4,1,6.1,1,0.4,rational,manual,0.01,1001,QV,0.5,-0.55,FALSE,1000,0.127,0.1288,0.101,0.153
100,FALSE,-4,1,6.1,1,0.4,rational,manual,0.01,1001,QV,0.5,-0.55,FALSE,1000,0.117,0.1288,0.101,0.153
101,FALSE,-4,1,6.1,1,0.4,rational,manual,0.01,1001,QV,0.5,-0.5,FALSE,1000,0.113,0.1262,0.104,0.527
102,FALSE,-4,1,6.1,1,0.4,rational,manual,0.01,1001,QV,0.5,-0.5,FALSE,1000,0.135,0.1262,0.104,0.527
103,FALSE,-4,1,6.1,1,0.4,rational,manual,0.01,1001,QV,0.5,-0.5,FALSE,1000,0.113,0.1262,0.104,0.527
104,FALSE,-4,1,6.1,1,0.4,rational,manual,0.01,1001,QV,0.5,-0.5,FALSE,1000,0.124,0.1262,0.104,0.527
105,FALSE,-4,1,6.1,1,0.4,rational,manual,0.01,1001,QV,0.5,-0.5,FALSE,1000,0.11,0.1262,0.104,0.527
106,FALSE,-4,1,6.1,1,0.4,rational,manual,0.01,1001,QV,0.5,-0.5,FALSE,1000,0.127,0.1262,0.104,0.527
107,FALSE,-4,1,6.1,1,0.4,rational,manual,0.01,1001,QV,0.5,-0.5,FALSE,1000,0.13,0.1262,0.104,0.527
108,FALSE,-4,1,6.1,1,0.4,rational,manual,0.01,1001,QV,0.5,-0.5,FALSE,1000,0.138,0.1262,0.104,0.527
109,FALSE,-4,1,6.1,1,0.4,rational,manual,0.01,1001,QV,0.5,-0.5,FALSE,1000,0.128,0.1262,0.104,0.527
110,FALSE,-4,1,6.1,1,0.4,rational,manual,0.01,1001,QV,0.5,-0.5,FALSE,1000,0.144,0.1262,0.104,0.527
112,FALSE,-4,1,6.1,1,0.4,rational,manual,0.01,1001,QV,0.5,-0.45,FALSE,1000,0.115,0.1273,0.104,0.527
113,FALSE,-4,1,6.1,1,0.4,rational,manual,0.01,1001,QV,0.5,-0.45,FALSE,1000,0.137,0.1273,0.104,0.527
114,FALSE,-4,1,6.1,1,0.4,rational,manual,0.01,1001,QV,0.5,-0.45,FALSE,1000,0.141,0.1273,0.104,0.527
111,FALSE,-4,1,6.1,1,0.4,rational,manual,0.01,1001,QV,0.5,-0.45,FALSE,1000,0.14,0.1273,0.104,0.527
115,FALSE,-4,1,6.1,1,0.4,rational,manual,0.01,1001,QV,0.5,-0.45,FALSE,1000,0.14,0.1273,0.104,0.527
116,FALSE,-4,1,6.1,1,0.4,rational,manual,0.01,1001,QV,0.5,-0.45,FALSE,1000,0.123,0.1273,0.104,0.527
117,FALSE,-4,1,6.1,1,0.4,rational,manual,0.01,1001,QV,0.5,-0.45,FALSE,1000,0.119,0.1273,0.104,0.527
118,FALSE,-4,1,6.1,1,0.4,rational,manual,0.01,1001,QV,0.5,-0.45,FALSE,1000,0.115,0.1273,0.104,0.527
119,FALSE,-4,1,6.1,1,0.4,rational,manual,0.01,1001,QV,0.5,-0.45,FALSE,1000,0.132,0.1273,0.104,0.527
120,FALSE,-4,1,6.1,1,0.4,rational,manual,0.01,1001,QV,0.5,-0.45,FALSE,1000,0.111,0.1273,0.104,0.527
121,FALSE,-4,1,6.1,1,0.4,rational,manual,0.01,1001,QV,0.5,-0.4,FALSE,1000,0.104,0.1314,0.104,0.527
123,FALSE,-4,1,6.1,1,0.4,rational,manual,0.01,1001,QV,0.5,-0.4,FALSE,1000,0.128,0.1314,0.104,0.527
124,FALSE,-4,1,6.1,1,0.4,rational,manual,0.01,1001,QV,0.5,-0.4,FALSE,1000,0.127,0.1314,0.104,0.527
125,FALSE,-4,1,6.1,1,0.4,rational,manual,0.01,1001,QV,0.5,-0.4,FALSE,1000,0.145,0.1314,0.104,0.527
122,FALSE,-4,1,6.1,1,0.4,rational,manual,0.01,1001,QV,0.5,-0.4,FALSE,1000,0.141,0.1314,0.104,0.527
126,FALSE,-4,1,6.1,1,0.4,rational,manual,0.01,1001,QV,0.5,-0.4,FALSE,1000,0.122,0.1314,0.104,0.527
127,FALSE,-4,1,6.1,1,0.4,rational,manual,0.01,1001,QV,0.5,-0.4,FALSE,1000,0.142,0.1314,0.104,0.527
128,FALSE,-4,1,6.1,1,0.4,rational,manual,0.01,1001,QV,0.5,-0.4,FALSE,1000,0.142,0.1314,0.104,0.527
129,FALSE,-4,1,6.1,1,0.4,rational,manual,0.01,1001,QV,0.5,-0.4,FALSE,1000,0.139,0.1314,0.104,0.527
130,FALSE,-4,1,6.1,1,0.4,rational,manual,0.01,1001,QV,0.5,-0.4,FALSE,1000,0.124,0.1314,0.104,0.527
131,FALSE,-4,1,6.1,1,0.4,rational,manual,0.01,1001,QV,0.5,-0.35,FALSE,1000,0.129,0.1267,0.104,0.527
132,FALSE,-4,1,6.1,1,0.4,rational,manual,0.01,1001,QV,0.5,-0.35,FALSE,1000,0.135,0.1267,0.104,0.527
134,FALSE,-4,1,6.1,1,0.4,rational,manual,0.01,1001,QV,0.5,-0.35,FALSE,1000,0.115,0.1267,0.104,0.527
133,FALSE,-4,1,6.1,1,0.4,rational,manual,0.01,1001,QV,0.5,-0.35,FALSE,1000,0.129,0.1267,0.104,0.527
135,FALSE,-4,1,6.1,1,0.4,rational,manual,0.01,1001,QV,0.5,-0.35,FALSE,1000,0.122,0.1267,0.104,0.527
136,FALSE,-4,1,6.1,1,0.4,rational,manual,0.01,1001,QV,0.5,-0.35,FALSE,1000,0.134,0.1267,0.104,0.527
137,FALSE,-4,1,6.1,1,0.4,rational,manual,0.01,1001,QV,0.5,-0.35,FALSE,1000,0.125,0.1267,0.104,0.527
138,FALSE,-4,1,6.1,1,0.4,rational,manual,0.01,1001,QV,0.5,-0.35,FALSE,1000,0.119,0.1267,0.104,0.527
139,FALSE,-4,1,6.1,1,0.4,rational,manual,0.01,1001,QV,0.5,-0.35,FALSE,1000,0.13,0.1267,0.104,0.527
140,FALSE,-4,1,6.1,1,0.4,rational,manual,0.01,1001,QV,0.5,-0.35,FALSE,1000,0.129,0.1267,0.104,0.527
141,FALSE,-4,1,6.1,1,0.4,rational,manual,0.01,1001,QV,0.5,-0.3,FALSE,1000,0.136,0.1276,0.104,0.527
142,FALSE,-4,1,6.1,1,0.4,rational,manual,0.01,1001,QV,0.5,-0.3,FALSE,1000,0.115,0.1276,0.104,0.527
143,FALSE,-4,1,6.1,1,0.4,rational,manual,0.01,1001,QV,0.5,-0.3,FALSE,1000,0.109,0.1276,0.104,0.527
144,FALSE,-4,1,6.1,1,0.4,rational,manual,0.01,1001,QV,0.5,-0.3,FALSE,1000,0.132,0.1276,0.104,0.527
145,FALSE,-4,1,6.1,1,0.4,rational,manual,0.01,1001,QV,0.5,-0.3,FALSE,1000,0.127,0.1276,0.104,0.527
146,FALSE,-4,1,6.1,1,0.4,rational,manual,0.01,1001,QV,0.5,-0.3,FALSE,1000,0.126,0.1276,0.104,0.527
147,FALSE,-4,1,6.1,1,0.4,rational,manual,0.01,1001,QV,0.5,-0.3,FALSE,1000,0.134,0.1276,0.104,0.527
148,FALSE,-4,1,6.1,1,0.4,rational,manual,0.01,1001,QV,0.5,-0.3,FALSE,1000,0.159,0.1276,0.104,0.527
149,FALSE,-4,1,6.1,1,0.4,rational,manual,0.01,1001,QV,0.5,-0.3,FALSE,1000,0.117,0.1276,0.104,0.527
150,FALSE,-4,1,6.1,1,0.4,rational,manual,0.01,1001,QV,0.5,-0.3,FALSE,1000,0.121,0.1276,0.104,0.527
151,FALSE,-4,1,6.1,1,0.4,rational,manual,0.01,1001,QV,0.5,-0.25,FALSE,1000,0.152,0.1304,0.104,0.527
152,FALSE,-4,1,6.1,1,0.4,rational,manual,0.01,1001,QV,0.5,-0.25,FALSE,1000,0.109,0.1304,0.104,0.527
153,FALSE,-4,1,6.1,1,0.4,rational,manual,0.01,1001,QV,0.5,-0.25,FALSE,1000,0.142,0.1304,0.104,0.527
154,FALSE,-4,1,6.1,1,0.4,rational,manual,0.01,1001,QV,0.5,-0.25,FALSE,1000,0.128,0.1304,0.104,0.527
155,FALSE,-4,1,6.1,1,0.4,rational,manual,0.01,1001,QV,0.5,-0.25,FALSE,1000,0.136,0.1304,0.104,0.527
156,FALSE,-4,1,6.1,1,0.4,rational,manual,0.01,1001,QV,0.5,-0.25,FALSE,1000,0.12,0.1304,0.104,0.527
157,FALSE,-4,1,6.1,1,0.4,rational,manual,0.01,1001,QV,0.5,-0.25,FALSE,1000,0.114,0.1304,0.104,0.527
158,FALSE,-4,1,6.1,1,0.4,rational,manual,0.01,1001,QV,0.5,-0.25,FALSE,1000,0.126,0.1304,0.104,0.527
159,FALSE,-4,1,6.1,1,0.4,rational,manual,0.01,1001,QV,0.5,-0.25,FALSE,1000,0.134,0.1304,0.104,0.527
160,FALSE,-4,1,6.1,1,0.4,rational,manual,0.01,1001,QV,0.5,-0.25,FALSE,1000,0.143,0.1304,0.104,0.527
161,FALSE,-4,1,6.1,1,0.4,rational,manual,0.01,1001,QV,0.5,-0.2,FALSE,1000,0.124,0.1261,0.104,0.527
162,FALSE,-4,1,6.1,1,0.4,rational,manual,0.01,1001,QV,0.5,-0.2,FALSE,1000,0.123,0.1261,0.104,0.527
163,FALSE,-4,1,6.1,1,0.4,rational,manual,0.01,1001,QV,0.5,-0.2,FALSE,1000,0.133,0.1261,0.104,0.527
164,FALSE,-4,1,6.1,1,0.4,rational,manual,0.01,1001,QV,0.5,-0.2,FALSE,1000,0.123,0.1261,0.104,0.527
165,FALSE,-4,1,6.1,1,0.4,rational,manual,0.01,1001,QV,0.5,-0.2,FALSE,1000,0.121,0.1261,0.104,0.527
166,FALSE,-4,1,6.1,1,0.4,rational,manual,0.01,1001,QV,0.5,-0.2,FALSE,1000,0.121,0.1261,0.104,0.527
167,FALSE,-4,1,6.1,1,0.4,rational,manual,0.01,1001,QV,0.5,-0.2,FALSE,1000,0.134,0.1261,0.104,0.527
168,FALSE,-4,1,6.1,1,0.4,rational,manual,0.01,1001,QV,0.5,-0.2,FALSE,1000,0.123,0.1261,0.104,0.527
169,FALSE,-4,1,6.1,1,0.4,rational,manual,0.01,1001,QV,0.5,-0.2,FALSE,1000,0.117,0.1261,0.104,0.527
170,FALSE,-4,1,6.1,1,0.4,rational,manual,0.01,1001,QV,0.5,-0.2,FALSE,1000,0.142,0.1261,0.104,0.527
171,FALSE,-4,1,6.1,1,0.4,rational,manual,0.01,1001,QV,0.5,-0.15,FALSE,1000,0.111,0.1259,0.104,0.527
172,FALSE,-4,1,6.1,1,0.4,rational,manual,0.01,1001,QV,0.5,-0.15,FALSE,1000,0.146,0.1259,0.104,0.527
173,FALSE,-4,1,6.1,1,0.4,rational,manual,0.01,1001,QV,0.5,-0.15,FALSE,1000,0.129,0.1259,0.104,0.527
175,FALSE,-4,1,6.1,1,0.4,rational,manual,0.01,1001,QV,0.5,-0.15,FALSE,1000,0.126,0.1259,0.104,0.527
176,FALSE,-4,1,6.1,1,0.4,rational,manual,0.01,1001,QV,0.5,-0.15,FALSE,1000,0.129,0.1259,0.104,0.527
174,FALSE,-4,1,6.1,1,0.4,rational,manual,0.01,1001,QV,0.5,-0.15,FALSE,1000,0.119,0.1259,0.104,0.527
177,FALSE,-4,1,6.1,1,0.4,rational,manual,0.01,1001,QV,0.5,-0.15,FALSE,1000,0.144,0.1259,0.104,0.527
178,FALSE,-4,1,6.1,1,0.4,rational,manual,0.01,1001,QV,0.5,-0.15,FALSE,1000,0.117,0.1259,0.104,0.527
179,FALSE,-4,1,6.1,1,0.4,rational,manual,0.01,1001,QV,0.5,-0.15,FALSE,1000,0.12,0.1259,0.104,0.527
180,FALSE,-4,1,6.1,1,0.4,rational,manual,0.01,1001,QV,0.5,-0.15,FALSE,1000,0.118,0.1259,0.104,0.527
181,FALSE,-4,1,6.1,1,0.4,rational,manual,0.01,1001,QV,0.5,-0.1,FALSE,1000,0.209,0.1832,0.104,0.527
182,FALSE,-4,1,6.1,1,0.4,rational,manual,0.01,1001,QV,0.5,-0.1,FALSE,1000,0.18,0.1832,0.104,0.527
183,FALSE,-4,1,6.1,1,0.4,rational,manual,0.01,1001,QV,0.5,-0.1,FALSE,1000,0.16,0.1832,0.104,0.527
185,FALSE,-4,1,6.1,1,0.4,rational,manual,0.01,1001,QV,0.5,-0.1,FALSE,1000,0.166,0.1832,0.104,0.527
184,FALSE,-4,1,6.1,1,0.4,rational,manual,0.01,1001,QV,0.5,-0.1,FALSE,1000,0.178,0.1832,0.104,0.527
186,FALSE,-4,1,6.1,1,0.4,rational,manual,0.01,1001,QV,0.5,-0.1,FALSE,1000,0.191,0.1832,0.104,0.527
187,FALSE,-4,1,6.1,1,0.4,rational,manual,0.01,1001,QV,0.5,-0.1,FALSE,1000,0.189,0.1832,0.104,0.527
188,FALSE,-4,1,6.1,1,0.4,rational,manual,0.01,1001,QV,0.5,-0.1,FALSE,1000,0.174,0.1832,0.104,0.527
189,FALSE,-4,1,6.1,1,0.4,rational,manual,0.01,1001,QV,0.5,-0.1,FALSE,1000,0.18,0.1832,0.104,0.527
190,FALSE,-4,1,6.1,1,0.4,rational,manual,0.01,1001,QV,0.5,-0.1,FALSE,1000,0.205,0.1832,0.104,0.527
191,FALSE,-4,1,6.1,1,0.4,rational,manual,0.01,1001,QV,0.5,-0.05,FALSE,1000,0.527,0.4948,0.104,0.527
192,FALSE,-4,1,6.1,1,0.4,rational,manual,0.01,1001,QV,0.5,-0.05,FALSE,1000,0.497,0.4948,0.104,0.527
194,FALSE,-4,1,6.1,1,0.4,rational,manual,0.01,1001,QV,0.5,-0.05,FALSE,1000,0.492,0.4948,0.104,0.527
195,FALSE,-4,1,6.1,1,0.4,rational,manual,0.01,1001,QV,0.5,-0.05,FALSE,1000,0.486,0.4948,0.104,0.527
196,FALSE,-4,1,6.1,1,0.4,rational,manual,0.01,1001,QV,0.5,-0.05,FALSE,1000,0.505,0.4948,0.104,0.527
193,FALSE,-4,1,6.1,1,0.4,rational,manual,0.01,1001,QV,0.5,-0.05,FALSE,1000,0.497,0.4948,0.104,0.527
197,FALSE,-4,1,6.1,1,0.4,rational,manual,0.01,1001,QV,0.5,-0.05,FALSE,1000,0.487,0.4948,0.104,0.527
199,FALSE,-4,1,6.1,1,0.4,rational,manual,0.01,1001,QV,0.5,-0.05,FALSE,1000,0.476,0.4948,0.104,0.527
198,FALSE,-4,1,6.1,1,0.4,rational,manual,0.01,1001,QV,0.5,-0.05,FALSE,1000,0.495,0.4948,0.104,0.527
200,FALSE,-4,1,6.1,1,0.4,rational,manual,0.01,1001,QV,0.5,-0.05,FALSE,1000,0.486,0.4948,0.104,0.527
201,FALSE,-4,1,6.1,1,0.4,rational,manual,0.01,1001,QV,0.5,0,FALSE,1000,0.816,0.8377,0.812,0.919
202,FALSE,-4,1,6.1,1,0.4,rational,manual,0.01,1001,QV,0.5,0,FALSE,1000,0.831,0.8377,0.812,0.919
203,FALSE,-4,1,6.1,1,0.4,rational,manual,0.01,1001,QV,0.5,0,FALSE,1000,0.83,0.8377,0.812,0.919
205,FALSE,-4,1,6.1,1,0.4,rational,manual,0.01,1001,QV,0.5,0,FALSE,1000,0.812,0.8377,0.812,0.919
204,FALSE,-4,1,6.1,1,0.4,rational,manual,0.01,1001,QV,0.5,0,FALSE,1000,0.832,0.8377,0.812,0.919
207,FALSE,-4,1,6.1,1,0.4,rational,manual,0.01,1001,QV,0.5,0,FALSE,1000,0.832,0.8377,0.812,0.919
206,FALSE,-4,1,6.1,1,0.4,rational,manual,0.01,1001,QV,0.5,0,FALSE,1000,0.829,0.8377,0.812,0.919
208,FALSE,-4,1,6.1,1,0.4,rational,manual,0.01,1001,QV,0.5,0,FALSE,1000,0.825,0.8377,0.812,0.919
210,FALSE,-4,1,6.1,1,0.4,rational,manual,0.01,1001,QV,0.5,0,FALSE,1000,0.833,0.8847,0.812,0.919
209,FALSE,-4,1,6.1,1,0.4,rational,manual,0.01,1001,QV,0.5,0,FALSE,1000,0.838,0.8847,0.812,0.919
211,FALSE,-4,1,6.1,1,0.4,rational,manual,0.01,1001,QV,0.5,0.05,FALSE,1000,0.889,0.8377,0.812,0.919
212,FALSE,-4,1,6.1,1,0.4,rational,manual,0.01,1001,QV,0.5,0.05,FALSE,1000,0.881,0.8377,0.812,0.919
213,FALSE,-4,1,6.1,1,0.4,rational,manual,0.01,1001,QV,0.5,0.05,FALSE,1000,0.883,0.8847,0.812,0.919
214,FALSE,-4,1,6.1,1,0.4,rational,manual,0.01,1001,QV,0.5,0.05,FALSE,1000,0.919,0.8847,0.812,0.919
215,FALSE,-4,1,6.1,1,0.4,rational,manual,0.01,1001,QV,0.5,0.05,FALSE,1000,0.898,0.8847,0.812,0.919
216,FALSE,-4,1,6.1,1,0.4,rational,manual,0.01,1001,QV,0.5,0.05,FALSE,1000,0.895,0.8847,0.812,0.919
217,FALSE,-4,1,6.1,1,0.4,rational,manual,0.01,1001,QV,0.5,0.05,FALSE,1000,0.909,0.8847,0.812,0.919
218,FALSE,-4,1,6.1,1,0.4,rational,manual,0.01,1001,QV,0.5,0.05,FALSE,1000,0.889,0.8847,0.812,0.919
220,FALSE,-4,1,6.1,1,0.4,rational,manual,0.01,1001,QV,0.5,0.05,FALSE,1000,0.872,0.8847,0.812,0.919
219,FALSE,-4,1,6.1,1,0.4,rational,manual,0.01,1001,QV,0.5,0.05,FALSE,1000,0.911,0.8847,0.812,0.919
221,FALSE,-4,1,6.1,1,0.4,rational,manual,0.01,1001,QV,0.5,0.1,FALSE,1000,0.869,0.8658,0.812,0.919
222,FALSE,-4,1,6.1,1,0.4,rational,manual,0.01,1001,QV,0.5,0.1,FALSE,1000,0.879,0.8658,0.812,0.919
223,FALSE,-4,1,6.1,1,0.4,rational,manual,0.01,1001,QV,0.5,0.1,FALSE,1000,0.861,0.8658,0.812,0.919
224,FALSE,-4,1,6.1,1,0.4,rational,manual,0.01,1001,QV,0.5,0.1,FALSE,1000,0.86,0.8658,0.812,0.919
225,FALSE,-4,1,6.1,1,0.4,rational,manual,0.01,1001,QV,0.5,0.1,FALSE,1000,0.88,0.8658,0.812,0.919
226,FALSE,-4,1,6.1,1,0.4,rational,manual,0.01,1001,QV,0.5,0.1,FALSE,1000,0.861,0.8658,0.812,0.919
228,FALSE,-4,1,6.1,1,0.4,rational,manual,0.01,1001,QV,0.5,0.1,FALSE,1000,0.859,0.8658,0.812,0.919
227,FALSE,-4,1,6.1,1,0.4,rational,manual,0.01,1001,QV,0.5,0.1,FALSE,1000,0.857,0.8658,0.812,0.919
229,FALSE,-4,1,6.1,1,0.4,rational,manual,0.01,1001,QV,0.5,0.1,FALSE,1000,0.863,0.8658,0.812,0.919
230,FALSE,-4,1,6.1,1,0.4,rational,manual,0.01,1001,QV,0.5,0.1,FALSE,1000,0.869,0.8658,0.812,0.919
231,FALSE,-4,1,6.1,1,0.4,rational,manual,0.01,1001,QV,0.5,0.15,FALSE,1000,0.85,0.8734,0.812,0.919
232,FALSE,-4,1,6.1,1,0.4,rational,manual,0.01,1001,QV,0.5,0.15,FALSE,1000,0.865,0.8734,0.812,0.919
233,FALSE,-4,1,6.1,1,0.4,rational,manual,0.01,1001,QV,0.5,0.15,FALSE,1000,0.864,0.8734,0.812,0.919
234,FALSE,-4,1,6.1,1,0.4,rational,manual,0.01,1001,QV,0.5,0.15,FALSE,1000,0.892,0.8734,0.812,0.919
235,FALSE,-4,1,6.1,1,0.4,rational,manual,0.01,1001,QV,0.5,0.15,FALSE,1000,0.872,0.8734,0.812,0.919
236,FALSE,-4,1,6.1,1,0.4,rational,manual,0.01,1001,QV,0.5,0.15,FALSE,1000,0.894,0.8734,0.812,0.919
238,FALSE,-4,1,6.1,1,0.4,rational,manual,0.01,1001,QV,0.5,0.15,FALSE,1000,0.884,0.8734,0.812,0.919
239,FALSE,-4,1,6.1,1,0.4,rational,manual,0.01,1001,QV,0.5,0.15,FALSE,1000,0.864,0.8734,0.812,0.919
237,FALSE,-4,1,6.1,1,0.4,rational,manual,0.01,1001,QV,0.5,0.15,FALSE,1000,0.873,0.8734,0.812,0.919
240,FALSE,-4,1,6.1,1,0.4,rational,manual,0.01,1001,QV,0.5,0.15,FALSE,1000,0.876,0.8734,0.812,0.919
241,FALSE,-4,1,6.1,1,0.4,rational,manual,0.01,1001,QV,0.5,0.2,FALSE,1000,0.873,0.8707,0.812,0.919
242,FALSE,-4,1,6.1,1,0.4,rational,manual,0.01,1001,QV,0.5,0.2,FALSE,1000,0.856,0.8707,0.812,0.919
243,FALSE,-4,1,6.1,1,0.4,rational,manual,0.01,1001,QV,0.5,0.2,FALSE,1000,0.902,0.8707,0.812,0.919
244,FALSE,-4,1,6.1,1,0.4,rational,manual,0.01,1001,QV,0.5,0.2,FALSE,1000,0.871,0.8707,0.812,0.919
245,FALSE,-4,1,6.1,1,0.4,rational,manual,0.01,1001,QV,0.5,0.2,FALSE,1000,0.862,0.8707,0.812,0.919
246,FALSE,-4,1,6.1,1,0.4,rational,manual,0.01,1001,QV,0.5,0.2,FALSE,1000,0.876,0.8707,0.812,0.919
248,FALSE,-4,1,6.1,1,0.4,rational,manual,0.01,1001,QV,0.5,0.2,FALSE,1000,0.869,0.8707,0.812,0.919
249,FALSE,-4,1,6.1,1,0.4,rational,manual,0.01,1001,QV,0.5,0.2,FALSE,1000,0.847,0.8707,0.812,0.919
247,FALSE,-4,1,6.1,1,0.4,rational,manual,0.01,1001,QV,0.5,0.2,FALSE,1000,0.876,0.8707,0.812,0.919
250,FALSE,-4,1,6.1,1,0.4,rational,manual,0.01,1001,QV,0.5,0.2,FALSE,1000,0.875,0.8707,0.812,0.919
252,FALSE,-4,1,6.1,1,0.4,rational,manual,0.01,1001,QV,0.5,0.25,FALSE,1000,0.879,0.8645,0.812,0.919
251,FALSE,-4,1,6.1,1,0.4,rational,manual,0.01,1001,QV,0.5,0.25,FALSE,1000,0.878,0.8645,0.812,0.919
253,FALSE,-4,1,6.1,1,0.4,rational,manual,0.01,1001,QV,0.5,0.25,FALSE,1000,0.868,0.8645,0.812,0.919
254,FALSE,-4,1,6.1,1,0.4,rational,manual,0.01,1001,QV,0.5,0.25,FALSE,1000,0.878,0.8645,0.812,0.919
255,FALSE,-4,1,6.1,1,0.4,rational,manual,0.01,1001,QV,0.5,0.25,FALSE,1000,0.86,0.8645,0.812,0.919
256,FALSE,-4,1,6.1,1,0.4,rational,manual,0.01,1001,QV,0.5,0.25,FALSE,1000,0.861,0.8645,0.812,0.919
258,FALSE,-4,1,6.1,1,0.4,rational,manual,0.01,1001,QV,0.5,0.25,FALSE,1000,0.858,0.8645,0.812,0.919
260,FALSE,-4,1,6.1,1,0.4,rational,manual,0.01,1001,QV,0.5,0.25,FALSE,1000,0.84,0.8645,0.812,0.919
259,FALSE,-4,1,6.1,1,0.4,rational,manual,0.01,1001,QV,0.5,0.25,FALSE,1000,0.863,0.8645,0.812,0.919
257,FALSE,-4,1,6.1,1,0.4,rational,manual,0.01,1001,QV,0.5,0.25,FALSE,1000,0.86,0.8645,0.812,0.919
261,FALSE,-4,1,6.1,1,0.4,rational,manual,0.01,1001,QV,0.5,0.3,FALSE,1000,0.868,0.8732,0.812,0.919
262,FALSE,-4,1,6.1,1,0.4,rational,manual,0.01,1001,QV,0.5,0.3,FALSE,1000,0.884,0.8732,0.812,0.919
263,FALSE,-4,1,6.1,1,0.4,rational,manual,0.01,1001,QV,0.5,0.3,FALSE,1000,0.876,0.8732,0.812,0.919
264,FALSE,-4,1,6.1,1,0.4,rational,manual,0.01,1001,QV,0.5,0.3,FALSE,1000,0.854,0.8732,0.812,0.919
265,FALSE,-4,1,6.1,1,0.4,rational,manual,0.01,1001,QV,0.5,0.3,FALSE,1000,0.853,0.8732,0.812,0.919
267,FALSE,-4,1,6.1,1,0.4,rational,manual,0.01,1001,QV,0.5,0.3,FALSE,1000,0.887,0.8732,0.812,0.919
266,FALSE,-4,1,6.1,1,0.4,rational,manual,0.01,1001,QV,0.5,0.3,FALSE,1000,0.882,0.8732,0.812,0.919
268,FALSE,-4,1,6.1,1,0.4,rational,manual,0.01,1001,QV,0.5,0.3,FALSE,1000,0.878,0.8732,0.812,0.919
269,FALSE,-4,1,6.1,1,0.4,rational,manual,0.01,1001,QV,0.5,0.3,FALSE,1000,0.877,0.8732,0.812,0.919
270,FALSE,-4,1,6.1,1,0.4,rational,manual,0.01,1001,QV,0.5,0.3,FALSE,1000,0.873,0.8732,0.812,0.919
272,FALSE,-4,1,6.1,1,0.4,rational,manual,0.01,1001,QV,0.5,0.35,FALSE,1000,0.865,0.8732,0.812,0.919
271,FALSE,-4,1,6.1,1,0.4,rational,manual,0.01,1001,QV,0.5,0.35,FALSE,1000,0.871,0.8732,0.812,0.919
274,FALSE,-4,1,6.1,1,0.4,rational,manual,0.01,1001,QV,0.5,0.35,FALSE,1000,0.873,0.8732,0.812,0.919
273,FALSE,-4,1,6.1,1,0.4,rational,manual,0.01,1001,QV,0.5,0.35,FALSE,1000,0.883,0.8732,0.812,0.919
275,FALSE,-4,1,6.1,1,0.4,rational,manual,0.01,1001,QV,0.5,0.35,FALSE,1000,0.871,0.8732,0.812,0.919
276,FALSE,-4,1,6.1,1,0.4,rational,manual,0.01,1001,QV,0.5,0.35,FALSE,1000,0.87,0.8732,0.812,0.919
277,FALSE,-4,1,6.1,1,0.4,rational,manual,0.01,1001,QV,0.5,0.35,FALSE,1000,0.888,0.8732,0.812,0.919
279,FALSE,-4,1,6.1,1,0.4,rational,manual,0.01,1001,QV,0.5,0.35,FALSE,1000,0.881,0.8732,0.812,0.919
280,FALSE,-4,1,6.1,1,0.4,rational,manual,0.01,1001,QV,0.5,0.35,FALSE,1000,0.866,0.8732,0.812,0.919
278,FALSE,-4,1,6.1,1,0.4,rational,manual,0.01,1001,QV,0.5,0.35,FALSE,1000,0.864,0.8732,0.812,0.919
281,FALSE,-4,1,6.1,1,0.4,rational,manual,0.01,1001,QV,0.5,0.4,FALSE,1000,0.857,0.8706,0.812,0.919
282,FALSE,-4,1,6.1,1,0.4,rational,manual,0.01,1001,QV,0.5,0.4,FALSE,1000,0.89,0.8706,0.812,0.919
283,FALSE,-4,1,6.1,1,0.4,rational,manual,0.01,1001,QV,0.5,0.4,FALSE,1000,0.884,0.8706,0.812,0.919
284,FALSE,-4,1,6.1,1,0.4,rational,manual,0.01,1001,QV,0.5,0.4,FALSE,1000,0.873,0.8706,0.812,0.919
285,FALSE,-4,1,6.1,1,0.4,rational,manual,0.01,1001,QV,0.5,0.4,FALSE,1000,0.869,0.8706,0.812,0.919
286,FALSE,-4,1,6.1,1,0.4,rational,manual,0.01,1001,QV,0.5,0.4,FALSE,1000,0.872,0.8706,0.812,0.919
287,FALSE,-4,1,6.1,1,0.4,rational,manual,0.01,1001,QV,0.5,0.4,FALSE,1000,0.868,0.8706,0.812,0.919
288,FALSE,-4,1,6.1,1,0.4,rational,manual,0.01,1001,QV,0.5,0.4,FALSE,1000,0.872,0.8706,0.812,0.919
289,FALSE,-4,1,6.1,1,0.4,rational,manual,0.01,1001,QV,0.5,0.4,FALSE,1000,0.855,0.8706,0.812,0.919
290,FALSE,-4,1,6.1,1,0.4,rational,manual,0.01,1001,QV,0.5,0.4,FALSE,1000,0.866,0.8706,0.812,0.919
291,FALSE,-4,1,6.1,1,0.4,rational,manual,0.01,1001,QV,0.5,0.45,FALSE,1000,0.87,0.868,0.812,0.919
293,FALSE,-4,1,6.1,1,0.4,rational,manual,0.01,1001,QV,0.5,0.45,FALSE,1000,0.853,0.868,0.812,0.919
292,FALSE,-4,1,6.1,1,0.4,rational,manual,0.01,1001,QV,0.5,0.45,FALSE,1000,0.877,0.868,0.812,0.919
294,FALSE,-4,1,6.1,1,0.4,rational,manual,0.01,1001,QV,0.5,0.45,FALSE,1000,0.86,0.868,0.812,0.919
295,FALSE,-4,1,6.1,1,0.4,rational,manual,0.01,1001,QV,0.5,0.45,FALSE,1000,0.865,0.868,0.812,0.919
296,FALSE,-4,1,6.1,1,0.4,rational,manual,0.01,1001,QV,0.5,0.45,FALSE,1000,0.864,0.868,0.812,0.919
297,FALSE,-4,1,6.1,1,0.4,rational,manual,0.01,1001,QV,0.5,0.45,FALSE,1000,0.859,0.868,0.812,0.919
298,FALSE,-4,1,6.1,1,0.4,rational,manual,0.01,1001,QV,0.5,0.45,FALSE,1000,0.886,0.868,0.812,0.919
299,FALSE,-4,1,6.1,1,0.4,rational,manual,0.01,1001,QV,0.5,0.45,FALSE,1000,0.874,0.868,0.812,0.919
300,FALSE,-4,1,6.1,1,0.4,rational,manual,0.01,1001,QV,0.5,0.45,FALSE,1000,0.872,0.868,0.812,0.919
302,FALSE,-4,1,6.1,1,0.4,rational,manual,0.01,1001,QV,0.5,0.5,FALSE,1000,0.875,0.8715,0.846,0.905
303,FALSE,-4,1,6.1,1,0.4,rational,manual,0.01,1001,QV,0.5,0.5,FALSE,1000,0.886,0.8715,0.846,0.905
304,FALSE,-4,1,6.1,1,0.4,rational,manual,0.01,1001,QV,0.5,0.5,FALSE,1000,0.872,0.8715,0.846,0.905
301,FALSE,-4,1,6.1,1,0.4,rational,manual,0.01,1001,QV,0.5,0.5,FALSE,1000,0.871,0.8715,0.846,0.905
305,FALSE,-4,1,6.1,1,0.4,rational,manual,0.01,1001,QV,0.5,0.5,FALSE,1000,0.871,0.8715,0.846,0.905
306,FALSE,-4,1,6.1,1,0.4,rational,manual,0.01,1001,QV,0.5,0.5,FALSE,1000,0.862,0.8715,0.846,0.905
307,FALSE,-4,1,6.1,1,0.4,rational,manual,0.01,1001,QV,0.5,0.5,FALSE,1000,0.863,0.8715,0.846,0.905
308,FALSE,-4,1,6.1,1,0.4,rational,manual,0.01,1001,QV,0.5,0.5,FALSE,1000,0.876,0.8715,0.846,0.905
309,FALSE,-4,1,6.1,1,0.4,rational,manual,0.01,1001,QV,0.5,0.5,FALSE,1000,0.87,0.8715,0.846,0.905
310,FALSE,-4,1,6.1,1,0.4,rational,manual,0.01,1001,QV,0.5,0.5,FALSE,1000,0.869,0.8715,0.846,0.905
311,FALSE,-4,1,6.1,1,0.4,rational,manual,0.01,1001,QV,0.5,0.55,FALSE,1000,0.885,0.8735,0.846,0.905
313,FALSE,-4,1,6.1,1,0.4,rational,manual,0.01,1001,QV,0.5,0.55,FALSE,1000,0.884,0.8735,0.846,0.905
314,FALSE,-4,1,6.1,1,0.4,rational,manual,0.01,1001,QV,0.5,0.55,FALSE,1000,0.868,0.8735,0.846,0.905
315,FALSE,-4,1,6.1,1,0.4,rational,manual,0.01,1001,QV,0.5,0.55,FALSE,1000,0.875,0.8735,0.846,0.905
312,FALSE,-4,1,6.1,1,0.4,rational,manual,0.01,1001,QV,0.5,0.55,FALSE,1000,0.866,0.8735,0.846,0.905
316,FALSE,-4,1,6.1,1,0.4,rational,manual,0.01,1001,QV,0.5,0.55,FALSE,1000,0.854,0.8735,0.846,0.905
317,FALSE,-4,1,6.1,1,0.4,rational,manual,0.01,1001,QV,0.5,0.55,FALSE,1000,0.877,0.8735,0.846,0.905
318,FALSE,-4,1,6.1,1,0.4,rational,manual,0.01,1001,QV,0.5,0.55,FALSE,1000,0.853,0.8735,0.846,0.905
319,FALSE,-4,1,6.1,1,0.4,rational,manual,0.01,1001,QV,0.5,0.55,FALSE,1000,0.886,0.8735,0.846,0.905
320,FALSE,-4,1,6.1,1,0.4,rational,manual,0.01,1001,QV,0.5,0.55,FALSE,1000,0.887,0.8735,0.846,0.905
321,FALSE,-4,1,6.1,1,0.4,rational,manual,0.01,1001,QV,0.5,0.6,FALSE,1000,0.877,0.8702,0.846,0.905
322,FALSE,-4,1,6.1,1,0.4,rational,manual,0.01,1001,QV,0.5,0.6,FALSE,1000,0.861,0.8702,0.846,0.905
323,FALSE,-4,1,6.1,1,0.4,rational,manual,0.01,1001,QV,0.5,0.6,FALSE,1000,0.879,0.8702,0.846,0.905
324,FALSE,-4,1,6.1,1,0.4,rational,manual,0.01,1001,QV,0.5,0.6,FALSE,1000,0.866,0.8702,0.846,0.905
325,FALSE,-4,1,6.1,1,0.4,rational,manual,0.01,1001,QV,0.5,0.6,FALSE,1000,0.886,0.8702,0.846,0.905
326,FALSE,-4,1,6.1,1,0.4,rational,manual,0.01,1001,QV,0.5,0.6,FALSE,1000,0.875,0.8702,0.846,0.905
327,FALSE,-4,1,6.1,1,0.4,rational,manual,0.01,1001,QV,0.5,0.6,FALSE,1000,0.869,0.8702,0.846,0.905
328,FALSE,-4,1,6.1,1,0.4,rational,manual,0.01,1001,QV,0.5,0.6,FALSE,1000,0.876,0.8702,0.846,0.905
329,FALSE,-4,1,6.1,1,0.4,rational,manual,0.01,1001,QV,0.5,0.6,FALSE,1000,0.846,0.8702,0.846,0.905
330,FALSE,-4,1,6.1,1,0.4,rational,manual,0.01,1001,QV,0.5,0.6,FALSE,1000,0.867,0.8702,0.846,0.905
331,FALSE,-4,1,6.1,1,0.4,rational,manual,0.01,1001,QV,0.5,0.65,FALSE,1000,0.873,0.875,0.846,0.905
332,FALSE,-4,1,6.1,1,0.4,rational,manual,0.01,1001,QV,0.5,0.65,FALSE,1000,0.887,0.875,0.846,0.905
333,FALSE,-4,1,6.1,1,0.4,rational,manual,0.01,1001,QV,0.5,0.65,FALSE,1000,0.876,0.875,0.846,0.905
334,FALSE,-4,1,6.1,1,0.4,rational,manual,0.01,1001,QV,0.5,0.65,FALSE,1000,0.863,0.875,0.846,0.905
335,FALSE,-4,1,6.1,1,0.4,rational,manual,0.01,1001,QV,0.5,0.65,FALSE,1000,0.868,0.875,0.846,0.905
336,FALSE,-4,1,6.1,1,0.4,rational,manual,0.01,1001,QV,0.5,0.65,FALSE,1000,0.888,0.875,0.846,0.905
337,FALSE,-4,1,6.1,1,0.4,rational,manual,0.01,1001,QV,0.5,0.65,FALSE,1000,0.883,0.875,0.846,0.905
338,FALSE,-4,1,6.1,1,0.4,rational,manual,0.01,1001,QV,0.5,0.65,FALSE,1000,0.877,0.875,0.846,0.905
339,FALSE,-4,1,6.1,1,0.4,rational,manual,0.01,1001,QV,0.5,0.65,FALSE,1000,0.859,0.875,0.846,0.905
340,FALSE,-4,1,6.1,1,0.4,rational,manual,0.01,1001,QV,0.5,0.65,FALSE,1000,0.876,0.875,0.846,0.905
341,FALSE,-4,1,6.1,1,0.4,rational,manual,0.01,1001,QV,0.5,0.7,FALSE,1000,0.87,0.8762,0.846,0.905
342,FALSE,-4,1,6.1,1,0.4,rational,manual,0.01,1001,QV,0.5,0.7,FALSE,1000,0.885,0.8762,0.846,0.905
343,FALSE,-4,1,6.1,1,0.4,rational,manual,0.01,1001,QV,0.5,0.7,FALSE,1000,0.891,0.8762,0.846,0.905
344,FALSE,-4,1,6.1,1,0.4,rational,manual,0.01,1001,QV,0.5,0.7,FALSE,1000,0.875,0.8762,0.846,0.905
345,FALSE,-4,1,6.1,1,0.4,rational,manual,0.01,1001,QV,0.5,0.7,FALSE,1000,0.883,0.8762,0.846,0.905
346,FALSE,-4,1,6.1,1,0.4,rational,manual,0.01,1001,QV,0.5,0.7,FALSE,1000,0.871,0.8762,0.846,0.905
349,FALSE,-4,1,6.1,1,0.4,rational,manual,0.01,1001,QV,0.5,0.7,FALSE,1000,0.881,0.8762,0.846,0.905
348,FALSE,-4,1,6.1,1,0.4,rational,manual,0.01,1001,QV,0.5,0.7,FALSE,1000,0.869,0.8762,0.846,0.905
347,FALSE,-4,1,6.1,1,0.4,rational,manual,0.01,1001,QV,0.5,0.7,FALSE,1000,0.868,0.8762,0.846,0.905
350,FALSE,-4,1,6.1,1,0.4,rational,manual,0.01,1001,QV,0.5,0.7,FALSE,1000,0.869,0.8762,0.846,0.905
352,FALSE,-4,1,6.1,1,0.4,rational,manual,0.01,1001,QV,0.5,0.75,FALSE,1000,0.875,0.8782,0.846,0.905
353,FALSE,-4,1,6.1,1,0.4,rational,manual,0.01,1001,QV,0.5,0.75,FALSE,1000,0.861,0.8782,0.846,0.905
351,FALSE,-4,1,6.1,1,0.4,rational,manual,0.01,1001,QV,0.5,0.75,FALSE,1000,0.883,0.8782,0.846,0.905
354,FALSE,-4,1,6.1,1,0.4,rational,manual,0.01,1001,QV,0.5,0.75,FALSE,1000,0.905,0.8782,0.846,0.905
355,FALSE,-4,1,6.1,1,0.4,rational,manual,0.01,1001,QV,0.5,0.75,FALSE,1000,0.87,0.8782,0.846,0.905
356,FALSE,-4,1,6.1,1,0.4,rational,manual,0.01,1001,QV,0.5,0.75,FALSE,1000,0.877,0.8782,0.846,0.905
359,FALSE,-4,1,6.1,1,0.4,rational,manual,0.01,1001,QV,0.5,0.75,FALSE,1000,0.866,0.8782,0.846,0.905
360,FALSE,-4,1,6.1,1,0.4,rational,manual,0.01,1001,QV,0.5,0.75,FALSE,1000,0.899,0.8782,0.846,0.905
358,FALSE,-4,1,6.1,1,0.4,rational,manual,0.01,1001,QV,0.5,0.75,FALSE,1000,0.873,0.8782,0.846,0.905
357,FALSE,-4,1,6.1,1,0.4,rational,manual,0.01,1001,QV,0.5,0.75,FALSE,1000,0.877,0.876,0.846,0.905
362,FALSE,-4,1,6.1,1,0.4,rational,manual,0.01,1001,QV,0.5,0.8,FALSE,1000,0.873,0.8782,0.846,0.905
361,FALSE,-4,1,6.1,1,0.4,rational,manual,0.01,1001,QV,0.5,0.8,FALSE,1000,0.868,0.876,0.846,0.905
363,FALSE,-4,1,6.1,1,0.4,rational,manual,0.01,1001,QV,0.5,0.8,FALSE,1000,0.874,0.876,0.846,0.905
366,FALSE,-4,1,6.1,1,0.4,rational,manual,0.01,1001,QV,0.5,0.8,FALSE,1000,0.873,0.876,0.846,0.905
365,FALSE,-4,1,6.1,1,0.4,rational,manual,0.01,1001,QV,0.5,0.8,FALSE,1000,0.88,0.876,0.846,0.905
364,FALSE,-4,1,6.1,1,0.4,rational,manual,0.01,1001,QV,0.5,0.8,FALSE,1000,0.883,0.876,0.846,0.905
368,FALSE,-4,1,6.1,1,0.4,rational,manual,0.01,1001,QV,0.5,0.8,FALSE,1000,0.867,0.876,0.846,0.905
367,FALSE,-4,1,6.1,1,0.4,rational,manual,0.01,1001,QV,0.5,0.8,FALSE,1000,0.885,0.876,0.846,0.905
369,FALSE,-4,1,6.1,1,0.4,rational,manual,0.01,1001,QV,0.5,0.8,FALSE,1000,0.884,0.876,0.846,0.905
370,FALSE,-4,1,6.1,1,0.4,rational,manual,0.01,1001,QV,0.5,0.8,FALSE,1000,0.869,0.876,0.846,0.905
371,FALSE,-4,1,6.1,1,0.4,rational,manual,0.01,1001,QV,0.5,0.85,FALSE,1000,0.883,0.8714,0.846,0.905
372,FALSE,-4,1,6.1,1,0.4,rational,manual,0.01,1001,QV,0.5,0.85,FALSE,1000,0.871,0.8714,0.846,0.905
373,FALSE,-4,1,6.1,1,0.4,rational,manual,0.01,1001,QV,0.5,0.85,FALSE,1000,0.867,0.8714,0.846,0.905
375,FALSE,-4,1,6.1,1,0.4,rational,manual,0.01,1001,QV,0.5,0.85,FALSE,1000,0.875,0.8714,0.846,0.905
374,FALSE,-4,1,6.1,1,0.4,rational,manual,0.01,1001,QV,0.5,0.85,FALSE,1000,0.877,0.8714,0.846,0.905
376,FALSE,-4,1,6.1,1,0.4,rational,manual,0.01,1001,QV,0.5,0.85,FALSE,1000,0.872,0.8714,0.846,0.905
377,FALSE,-4,1,6.1,1,0.4,rational,manual,0.01,1001,QV,0.5,0.85,FALSE,1000,0.869,0.8714,0.846,0.905
379,FALSE,-4,1,6.1,1,0.4,rational,manual,0.01,1001,QV,0.5,0.85,FALSE,1000,0.864,0.8714,0.846,0.905
378,FALSE,-4,1,6.1,1,0.4,rational,manual,0.01,1001,QV,0.5,0.85,FALSE,1000,0.86,0.8714,0.846,0.905
380,FALSE,-4,1,6.1,1,0.4,rational,manual,0.01,1001,QV,0.5,0.85,FALSE,1000,0.876,0.8714,0.846,0.905
381,FALSE,-4,1,6.1,1,0.4,rational,manual,0.01,1001,QV,0.5,0.9,FALSE,1000,0.864,0.8699,0.846,0.905
382,FALSE,-4,1,6.1,1,0.4,rational,manual,0.01,1001,QV,0.5,0.9,FALSE,1000,0.853,0.8699,0.846,0.905
383,FALSE,-4,1,6.1,1,0.4,rational,manual,0.01,1001,QV,0.5,0.9,FALSE,1000,0.872,0.8699,0.846,0.905
384,FALSE,-4,1,6.1,1,0.4,rational,manual,0.01,1001,QV,0.5,0.9,FALSE,1000,0.866,0.8699,0.846,0.905
385,FALSE,-4,1,6.1,1,0.4,rational,manual,0.01,1001,QV,0.5,0.9,FALSE,1000,0.872,0.8699,0.846,0.905
386,FALSE,-4,1,6.1,1,0.4,rational,manual,0.01,1001,QV,0.5,0.9,FALSE,1000,0.877,0.8699,0.846,0.905
388,FALSE,-4,1,6.1,1,0.4,rational,manual,0.01,1001,QV,0.5,0.9,FALSE,1000,0.879,0.8699,0.846,0.905
389,FALSE,-4,1,6.1,1,0.4,rational,manual,0.01,1001,QV,0.5,0.9,FALSE,1000,0.873,0.8699,0.846,0.905
390,FALSE,-4,1,6.1,1,0.4,rational,manual,0.01,1001,QV,0.5,0.9,FALSE,1000,0.864,0.8699,0.846,0.905
387,FALSE,-4,1,6.1,1,0.4,rational,manual,0.01,1001,QV,0.5,0.9,FALSE,1000,0.879,0.8699,0.846,0.905
391,FALSE,-4,1,6.1,1,0.4,rational,manual,0.01,1001,QV,0.5,0.95,FALSE,1000,0.881,0.8725,0.846,0.905
392,FALSE,-4,1,6.1,1,0.4,rational,manual,0.01,1001,QV,0.5,0.95,FALSE,1000,0.858,0.8725,0.846,0.905
393,FALSE,-4,1,6.1,1,0.4,rational,manual,0.01,1001,QV,0.5,0.95,FALSE,1000,0.886,0.8725,0.846,0.905
394,FALSE,-4,1,6.1,1,0.4,rational,manual,0.01,1001,QV,0.5,0.95,FALSE,1000,0.863,0.8725,0.846,0.905
395,FALSE,-4,1,6.1,1,0.4,rational,manual,0.01,1001,QV,0.5,0.95,FALSE,1000,0.86,0.8725,0.846,0.905
396,FALSE,-4,1,6.1,1,0.4,rational,manual,0.01,1001,QV,0.5,0.95,FALSE,1000,0.859,0.8725,0.846,0.905
397,FALSE,-4,1,6.1,1,0.4,rational,manual,0.01,1001,QV,0.5,0.95,FALSE,1000,0.892,0.8725,0.846,0.905
398,FALSE,-4,1,6.1,1,0.4,rational,manual,0.01,1001,QV,0.5,0.95,FALSE,1000,0.872,0.8725,0.846,0.905
399,FALSE,-4,1,6.1,1,0.4,rational,manual,0.01,1001,QV,0.5,0.95,FALSE,1000,0.875,0.8725,0.846,0.905
400,FALSE,-4,1,6.1,1,0.4,rational,manual,0.01,1001,QV,0.5,0.95,FALSE,1000,0.879,0.8725,0.846,0.905
401,FALSE,-4,1,6.1,1,0.4,rational,manual,0.01,1001,QV,0.5,1,FALSE,1000,0.886,0.866,0.844,0.886
402,FALSE,-4,1,6.1,1,0.4,rational,manual,0.01,1001,QV,0.5,1,FALSE,1000,0.866,0.866,0.844,0.886
403,FALSE,-4,1,6.1,1,0.4,rational,manual,0.01,1001,QV,0.5,1,FALSE,1000,0.868,0.866,0.844,0.886
404,FALSE,-4,1,6.1,1,0.4,rational,manual,0.01,1001,QV,0.5,1,FALSE,1000,0.856,0.866,0.844,0.886
405,FALSE,-4,1,6.1,1,0.4,rational,manual,0.01,1001,QV,0.5,1,FALSE,1000,0.844,0.866,0.844,0.886
407,FALSE,-4,1,6.1,1,0.4,rational,manual,0.01,1001,QV,0.5,1,FALSE,1000,0.88,0.866,0.844,0.886
406,FALSE,-4,1,6.1,1,0.4,rational,manual,0.01,1001,QV,0.5,1,FALSE,1000,0.87,0.866,0.844,0.886
408,FALSE,-4,1,6.1,1,0.4,rational,manual,0.01,1001,QV,0.5,1,FALSE,1000,0.867,0.866,0.844,0.886
410,FALSE,-4,1,6.1,1,0.4,rational,manual,0.01,1001,QV,0.5,1,FALSE,1000,0.861,0.866,0.844,0.886
409,FALSE,-4,1,6.1,1,0.4,rational,manual,0.01,1001,QV,0.5,1,FALSE,1000,0.862,0.866,0.844,0.886
