[run number],payoff-include-votes-cost?,majority-mean-utility,majority-utility-stdev,minority-mean-utility,minority-utility-stdev,minority-fraction,behavior-under-qv,calibration,variance-of-pmp,number-of-voters,voting-mechanism,marginal-pivotality,utility-pmp-correlation,limit-votes?,[step],mean payoff-sign-list,tipping-point,mean-utility
,,,,,,,,,,,,,,,,,0,0
,,,,,,,,,,,,,,,,,-0.05,0.02
,,,,,,,,,,,,,,,,,-0.05,0.04
,,,,,,,,,,,,,,,,,-0.06,0.06
,,,,,,,,,,,,,,,,,-0.08,0.08
,,,,,,,,,,,,,,,,,-0.09,0.1
1,FALSE,-4,1,6.3,1,0.4,rational,manual,0.01,1001,QV,0.5,-0.35,FALSE,1000,0,-0.11,0.12
2,FALSE,-4,1,6.3,1,0.4,rational,manual,0.01,1001,QV,0.5,-0.34,FALSE,1000,0,-0.11,0.12
3,FALSE,-4,1,6.3,1,0.4,rational,manual,0.01,1001,QV,0.5,-0.33,FALSE,1000,0,-0.11,0.12
4,FALSE,-4,1,6.3,1,0.4,rational,manual,0.01,1001,QV,0.5,-0.32,FALSE,1000,0,-0.11,0.12
5,FALSE,-4,1,6.3,1,0.4,rational,manual,0.01,1001,QV,0.5,-0.31,FALSE,1000,0.002,-0.11,0.12
6,FALSE,-4,1,6.3,1,0.4,rational,manual,0.01,1001,QV,0.5,-0.3,FALSE,1000,0,-0.11,0.12
7,FALSE,-4,1,6.3,1,0.4,rational,manual,0.01,1001,QV,0.5,-0.29,FALSE,1000,0,-0.11,0.12
8,FALSE,-4,1,6.3,1,0.4,rational,manual,0.01,1001,QV,0.5,-0.28,FALSE,1000,0,-0.11,0.12
9,FALSE,-4,1,6.3,1,0.4,rational,manual,0.01,1001,QV,0.5,-0.27,FALSE,1000,0,-0.11,0.12
10,FALSE,-4,1,6.3,1,0.4,rational,manual,0.01,1001,QV,0.5,-0.26,FALSE,1000,0,-0.11,0.12
11,FALSE,-4,1,6.3,1,0.4,rational,manual,0.01,1001,QV,0.5,-0.25,FALSE,1000,0,-0.11,0.12
12,FALSE,-4,1,6.3,1,0.4,rational,manual,0.01,1001,QV,0.5,-0.24,FALSE,1000,0,-0.11,0.12
13,FALSE,-4,1,6.3,1,0.4,rational,manual,0.01,1001,QV,0.5,-0.23,FALSE,1000,0,-0.11,0.12
14,FALSE,-4,1,6.3,1,0.4,rational,manual,0.01,1001,QV,0.5,-0.22,FALSE,1000,0,-0.11,0.12
15,FALSE,-4,1,6.3,1,0.4,rational,manual,0.01,1001,QV,0.5,-0.21,FALSE,1000,0.001,-0.11,0.12
16,FALSE,-4,1,6.3,1,0.4,rational,manual,0.01,1001,QV,0.5,-0.2,FALSE,1000,0.003,-0.11,0.12
17,FALSE,-4,1,6.3,1,0.4,rational,manual,0.01,1001,QV,0.5,-0.19,FALSE,1000,0.002,-0.11,0.12
18,FALSE,-4,1,6.3,1,0.4,rational,manual,0.01,1001,QV,0.5,-0.18,FALSE,1000,0.006,-0.11,0.12
19,FALSE,-4,1,6.3,1,0.4,rational,manual,0.01,1001,QV,0.5,-0.17,FALSE,1000,0.025,-0.11,0.12
20,FALSE,-4,1,6.3,1,0.4,rational,manual,0.01,1001,QV,0.5,-0.16,FALSE,1000,0.044,-0.11,0.12
21,FALSE,-4,1,6.3,1,0.4,rational,manual,0.01,1001,QV,0.5,-0.15,FALSE,1000,0.084,-0.11,0.12
22,FALSE,-4,1,6.3,1,0.4,rational,manual,0.01,1001,QV,0.5,-0.14,FALSE,1000,0.143,-0.11,0.12
23,FALSE,-4,1,6.3,1,0.4,rational,manual,0.01,1001,QV,0.5,-0.13,FALSE,1000,0.221,-0.11,0.12
24,FALSE,-4,1,6.3,1,0.4,rational,manual,0.01,1001,QV,0.5,-0.12,FALSE,1000,0.34,-0.11,0.12
25,FALSE,-4,1,6.3,1,0.4,rational,manual,0.01,1001,QV,0.5,-0.11,FALSE,1000,0.453,-0.11,0.12
26,FALSE,-4,1,6.3,1,0.4,rational,manual,0.01,1001,QV,0.5,-0.1,FALSE,1000,0.582,-0.11,0.12
27,FALSE,-4,1,6.3,1,0.4,rational,manual,0.01,1001,QV,0.5,-0.09,FALSE,1000,0.666,-0.11,0.12
28,FALSE,-4,1,6.3,1,0.4,rational,manual,0.01,1001,QV,0.5,-0.08,FALSE,1000,0.751,-0.11,0.12
29,FALSE,-4,1,6.3,1,0.4,rational,manual,0.01,1001,QV,0.5,-0.07,FALSE,1000,0.83,-0.11,0.12
30,FALSE,-4,1,6.3,1,0.4,rational,manual,0.01,1001,QV,0.5,-0.06,FALSE,1000,0.898,-0.11,0.12
31,FALSE,-4,1,6.3,1,0.4,rational,manual,0.01,1001,QV,0.5,-0.05,FALSE,1000,0.919,-0.11,0.12
32,FALSE,-4,1,6.3,1,0.4,rational,manual,0.01,1001,QV,0.5,-0.04,FALSE,1000,0.947,-0.11,0.12
33,FALSE,-4,1,6.3,1,0.4,rational,manual,0.01,1001,QV,0.5,-0.03,FALSE,1000,0.98,-0.11,0.12
34,FALSE,-4,1,6.3,1,0.4,rational,manual,0.01,1001,QV,0.5,-0.02,FALSE,1000,0.98,-0.11,0.12
35,FALSE,-4,1,6.3,1,0.4,rational,manual,0.01,1001,QV,0.5,-0.01,FALSE,1000,0.986,-0.11,0.12
36,FALSE,-4,1,6.3,1,0.4,rational,manual,0.01,1001,QV,0.5,0,FALSE,1000,0.996,-0.11,0.12
37,FALSE,-4,1,6.4,1,0.4,rational,manual,0.01,1001,QV,0.5,-0.35,FALSE,1000,0,-0.14,0.16
38,FALSE,-4,1,6.4,1,0.4,rational,manual,0.01,1001,QV,0.5,-0.34,FALSE,1000,0,-0.14,0.16
39,FALSE,-4,1,6.4,1,0.4,rational,manual,0.01,1001,QV,0.5,-0.33,FALSE,1000,0,-0.14,0.16
40,FALSE,-4,1,6.4,1,0.4,rational,manual,0.01,1001,QV,0.5,-0.32,FALSE,1000,0,-0.14,0.16
41,FALSE,-4,1,6.4,1,0.4,rational,manual,0.01,1001,QV,0.5,-0.31,FALSE,1000,0,-0.14,0.16
42,FALSE,-4,1,6.4,1,0.4,rational,manual,0.01,1001,QV,0.5,-0.3,FALSE,1000,0,-0.14,0.16
43,FALSE,-4,1,6.4,1,0.4,rational,manual,0.01,1001,QV,0.5,-0.29,FALSE,1000,0,-0.14,0.16
44,FALSE,-4,1,6.4,1,0.4,rational,manual,0.01,1001,QV,0.5,-0.28,FALSE,1000,0,-0.14,0.16
45,FALSE,-4,1,6.4,1,0.4,rational,manual,0.01,1001,QV,0.5,-0.27,FALSE,1000,0,-0.14,0.16
46,FALSE,-4,1,6.4,1,0.4,rational,manual,0.01,1001,QV,0.5,-0.26,FALSE,1000,0,-0.14,0.16
47,FALSE,-4,1,6.4,1,0.4,rational,manual,0.01,1001,QV,0.5,-0.25,FALSE,1000,0,-0.14,0.16
48,FALSE,-4,1,6.4,1,0.4,rational,manual,0.01,1001,QV,0.5,-0.24,FALSE,1000,0,-0.14,0.16
49,FALSE,-4,1,6.4,1,0.4,rational,manual,0.01,1001,QV,0.5,-0.23,FALSE,1000,0,-0.14,0.16
50,FALSE,-4,1,6.4,1,0.4,rational,manual,0.01,1001,QV,0.5,-0.22,FALSE,1000,0.003,-0.14,0.16
51,FALSE,-4,1,6.4,1,0.4,rational,manual,0.01,1001,QV,0.5,-0.21,FALSE,1000,0.007,-0.14,0.16
52,FALSE,-4,1,6.4,1,0.4,rational,manual,0.01,1001,QV,0.5,-0.2,FALSE,1000,0.011,-0.14,0.16
53,FALSE,-4,1,6.4,1,0.4,rational,manual,0.01,1001,QV,0.5,-0.19,FALSE,1000,0.038,-0.14,0.16
54,FALSE,-4,1,6.4,1,0.4,rational,manual,0.01,1001,QV,0.5,-0.18,FALSE,1000,0.066,-0.14,0.16
55,FALSE,-4,1,6.4,1,0.4,rational,manual,0.01,1001,QV,0.5,-0.17,FALSE,1000,0.118,-0.14,0.16
56,FALSE,-4,1,6.4,1,0.4,rational,manual,0.01,1001,QV,0.5,-0.16,FALSE,1000,0.203,-0.14,0.16
57,FALSE,-4,1,6.4,1,0.4,rational,manual,0.01,1001,QV,0.5,-0.15,FALSE,1000,0.339,-0.14,0.16
58,FALSE,-4,1,6.4,1,0.4,rational,manual,0.01,1001,QV,0.5,-0.14,FALSE,1000,0.448,-0.14,0.16
59,FALSE,-4,1,6.4,1,0.4,rational,manual,0.01,1001,QV,0.5,-0.13,FALSE,1000,0.571,-0.14,0.16
60,FALSE,-4,1,6.4,1,0.4,rational,manual,0.01,1001,QV,0.5,-0.12,FALSE,1000,0.67,-0.14,0.16
61,FALSE,-4,1,6.4,1,0.4,rational,manual,0.01,1001,QV,0.5,-0.11,FALSE,1000,0.791,-0.14,0.16
62,FALSE,-4,1,6.4,1,0.4,rational,manual,0.01,1001,QV,0.5,-0.1,FALSE,1000,0.846,-0.14,0.16
63,FALSE,-4,1,6.4,1,0.4,rational,manual,0.01,1001,QV,0.5,-0.09,FALSE,1000,0.902,-0.14,0.16
64,FALSE,-4,1,6.4,1,0.4,rational,manual,0.01,1001,QV,0.5,-0.08,FALSE,1000,0.942,-0.14,0.16
65,FALSE,-4,1,6.4,1,0.4,rational,manual,0.01,1001,QV,0.5,-0.07,FALSE,1000,0.96,-0.14,0.16
66,FALSE,-4,1,6.4,1,0.4,rational,manual,0.01,1001,QV,0.5,-0.06,FALSE,1000,0.971,-0.14,0.16
67,FALSE,-4,1,6.4,1,0.4,rational,manual,0.01,1001,QV,0.5,-0.05,FALSE,1000,0.99,-0.14,0.16
68,FALSE,-4,1,6.4,1,0.4,rational,manual,0.01,1001,QV,0.5,-0.04,FALSE,1000,0.993,-0.14,0.16
69,FALSE,-4,1,6.4,1,0.4,rational,manual,0.01,1001,QV,0.5,-0.03,FALSE,1000,0.998,-0.14,0.16
70,FALSE,-4,1,6.4,1,0.4,rational,manual,0.01,1001,QV,0.5,-0.02,FALSE,1000,0.998,-0.14,0.16
71,FALSE,-4,1,6.4,1,0.4,rational,manual,0.01,1001,QV,0.5,-0.01,FALSE,1000,1,-0.14,0.16
72,FALSE,-4,1,6.4,1,0.4,rational,manual,0.01,1001,QV,0.5,0,FALSE,1000,1,-0.14,0.16
73,FALSE,-4,1,6.5,1,0.4,rational,manual,0.01,1001,QV,0.5,-0.35,FALSE,1000,0,-0.16,0.2
74,FALSE,-4,1,6.5,1,0.4,rational,manual,0.01,1001,QV,0.5,-0.34,FALSE,1000,0,-0.16,0.2
75,FALSE,-4,1,6.5,1,0.4,rational,manual,0.01,1001,QV,0.5,-0.33,FALSE,1000,0,-0.16,0.2
76,FALSE,-4,1,6.5,1,0.4,rational,manual,0.01,1001,QV,0.5,-0.32,FALSE,1000,0,-0.16,0.2
77,FALSE,-4,1,6.5,1,0.4,rational,manual,0.01,1001,QV,0.5,-0.31,FALSE,1000,0,-0.16,0.2
78,FALSE,-4,1,6.5,1,0.4,rational,manual,0.01,1001,QV,0.5,-0.3,FALSE,1000,0,-0.16,0.2
79,FALSE,-4,1,6.5,1,0.4,rational,manual,0.01,1001,QV,0.5,-0.29,FALSE,1000,0,-0.16,0.2
80,FALSE,-4,1,6.5,1,0.4,rational,manual,0.01,1001,QV,0.5,-0.28,FALSE,1000,0,-0.16,0.2
81,FALSE,-4,1,6.5,1,0.4,rational,manual,0.01,1001,QV,0.5,-0.27,FALSE,1000,0,-0.16,0.2
82,FALSE,-4,1,6.5,1,0.4,rational,manual,0.01,1001,QV,0.5,-0.26,FALSE,1000,0,-0.16,0.2
83,FALSE,-4,1,6.5,1,0.4,rational,manual,0.01,1001,QV,0.5,-0.25,FALSE,1000,0,-0.16,0.2
84,FALSE,-4,1,6.5,1,0.4,rational,manual,0.01,1001,QV,0.5,-0.24,FALSE,1000,0,-0.16,0.2
85,FALSE,-4,1,6.5,1,0.4,rational,manual,0.01,1001,QV,0.5,-0.23,FALSE,1000,0.005,-0.16,0.2
86,FALSE,-4,1,6.5,1,0.4,rational,manual,0.01,1001,QV,0.5,-0.22,FALSE,1000,0.018,-0.16,0.2
87,FALSE,-4,1,6.5,1,0.4,rational,manual,0.01,1001,QV,0.5,-0.21,FALSE,1000,0.026,-0.16,0.2
88,FALSE,-4,1,6.5,1,0.4,rational,manual,0.01,1001,QV,0.5,-0.2,FALSE,1000,0.091,-0.16,0.2
89,FALSE,-4,1,6.5,1,0.4,rational,manual,0.01,1001,QV,0.5,-0.19,FALSE,1000,0.146,-0.16,0.2
90,FALSE,-4,1,6.5,1,0.4,rational,manual,0.01,1001,QV,0.5,-0.18,FALSE,1000,0.262,-0.16,0.2
91,FALSE,-4,1,6.5,1,0.4,rational,manual,0.01,1001,QV,0.5,-0.17,FALSE,1000,0.347,-0.16,0.2
92,FALSE,-4,1,6.5,1,0.4,rational,manual,0.01,1001,QV,0.5,-0.16,FALSE,1000,0.505,-0.16,0.2
93,FALSE,-4,1,6.5,1,0.4,rational,manual,0.01,1001,QV,0.5,-0.15,FALSE,1000,0.666,-0.16,0.2
94,FALSE,-4,1,6.5,1,0.4,rational,manual,0.01,1001,QV,0.5,-0.14,FALSE,1000,0.755,-0.16,0.2
95,FALSE,-4,1,6.5,1,0.4,rational,manual,0.01,1001,QV,0.5,-0.13,FALSE,1000,0.834,-0.16,0.2
96,FALSE,-4,1,6.5,1,0.4,rational,manual,0.01,1001,QV,0.5,-0.12,FALSE,1000,0.905,-0.16,0.2
97,FALSE,-4,1,6.5,1,0.4,rational,manual,0.01,1001,QV,0.5,-0.11,FALSE,1000,0.942,-0.16,0.2
98,FALSE,-4,1,6.5,1,0.4,rational,manual,0.01,1001,QV,0.5,-0.1,FALSE,1000,0.976,-0.16,0.2
99,FALSE,-4,1,6.5,1,0.4,rational,manual,0.01,1001,QV,0.5,-0.09,FALSE,1000,0.986,-0.16,0.2
100,FALSE,-4,1,6.5,1,0.4,rational,manual,0.01,1001,QV,0.5,-0.08,FALSE,1000,0.992,-0.16,0.2
101,FALSE,-4,1,6.5,1,0.4,rational,manual,0.01,1001,QV,0.5,-0.07,FALSE,1000,0.995,-0.16,0.2
102,FALSE,-4,1,6.5,1,0.4,rational,manual,0.01,1001,QV,0.5,-0.06,FALSE,1000,1,-0.16,0.2
103,FALSE,-4,1,6.5,1,0.4,rational,manual,0.01,1001,QV,0.5,-0.05,FALSE,1000,1,-0.16,0.2
104,FALSE,-4,1,6.5,1,0.4,rational,manual,0.01,1001,QV,0.5,-0.04,FALSE,1000,1,-0.16,0.2
105,FALSE,-4,1,6.5,1,0.4,rational,manual,0.01,1001,QV,0.5,-0.03,FALSE,1000,1,-0.16,0.2
106,FALSE,-4,1,6.5,1,0.4,rational,manual,0.01,1001,QV,0.5,-0.02,FALSE,1000,1,-0.16,0.2
107,FALSE,-4,1,6.5,1,0.4,rational,manual,0.01,1001,QV,0.5,-0.01,FALSE,1000,1,-0.16,0.2
108,FALSE,-4,1,6.5,1,0.4,rational,manual,0.01,1001,QV,0.5,0,FALSE,1000,1,-0.16,0.2
109,FALSE,-4,1,6.6,1,0.4,rational,manual,0.01,1001,QV,0.5,-0.35,FALSE,1000,0,-0.185,0.24
110,FALSE,-4,1,6.6,1,0.4,rational,manual,0.01,1001,QV,0.5,-0.34,FALSE,1000,0,-0.185,0.24
111,FALSE,-4,1,6.6,1,0.4,rational,manual,0.01,1001,QV,0.5,-0.33,FALSE,1000,0,-0.185,0.24
112,FALSE,-4,1,6.6,1,0.4,rational,manual,0.01,1001,QV,0.5,-0.32,FALSE,1000,0,-0.185,0.24
113,FALSE,-4,1,6.6,1,0.4,rational,manual,0.01,1001,QV,0.5,-0.31,FALSE,1000,0,-0.185,0.24
114,FALSE,-4,1,6.6,1,0.4,rational,manual,0.01,1001,QV,0.5,-0.3,FALSE,1000,0,-0.185,0.24
115,FALSE,-4,1,6.6,1,0.4,rational,manual,0.01,1001,QV,0.5,-0.29,FALSE,1000,0,-0.185,0.24
116,FALSE,-4,1,6.6,1,0.4,rational,manual,0.01,1001,QV,0.5,-0.28,FALSE,1000,0,-0.185,0.24
117,FALSE,-4,1,6.6,1,0.4,rational,manual,0.01,1001,QV,0.5,-0.27,FALSE,1000,0,-0.185,0.24
118,FALSE,-4,1,6.6,1,0.4,rational,manual,0.01,1001,QV,0.5,-0.26,FALSE,1000,0,-0.185,0.24
119,FALSE,-4,1,6.6,1,0.4,rational,manual,0.01,1001,QV,0.5,-0.25,FALSE,1000,0,-0.185,0.24
120,FALSE,-4,1,6.6,1,0.4,rational,manual,0.01,1001,QV,0.5,-0.24,FALSE,1000,0.009,-0.185,0.24
121,FALSE,-4,1,6.6,1,0.4,rational,manual,0.01,1001,QV,0.5,-0.23,FALSE,1000,0.024,-0.185,0.24
122,FALSE,-4,1,6.6,1,0.4,rational,manual,0.01,1001,QV,0.5,-0.22,FALSE,1000,0.07,-0.185,0.24
123,FALSE,-4,1,6.6,1,0.4,rational,manual,0.01,1001,QV,0.5,-0.21,FALSE,1000,0.134,-0.185,0.24
124,FALSE,-4,1,6.6,1,0.4,rational,manual,0.01,1001,QV,0.5,-0.2,FALSE,1000,0.284,-0.185,0.24
125,FALSE,-4,1,6.6,1,0.4,rational,manual,0.01,1001,QV,0.5,-0.19,FALSE,1000,0.427,-0.185,0.24
126,FALSE,-4,1,6.6,1,0.4,rational,manual,0.01,1001,QV,0.5,-0.18,FALSE,1000,0.573,-0.185,0.24
127,FALSE,-4,1,6.6,1,0.4,rational,manual,0.01,1001,QV,0.5,-0.17,FALSE,1000,0.685,-0.185,0.24
128,FALSE,-4,1,6.6,1,0.4,rational,manual,0.01,1001,QV,0.5,-0.16,FALSE,1000,0.805,-0.185,0.24
129,FALSE,-4,1,6.6,1,0.4,rational,manual,0.01,1001,QV,0.5,-0.15,FALSE,1000,0.899,-0.185,0.24
130,FALSE,-4,1,6.6,1,0.4,rational,manual,0.01,1001,QV,0.5,-0.14,FALSE,1000,0.94,-0.185,0.24
131,FALSE,-4,1,6.6,1,0.4,rational,manual,0.01,1001,QV,0.5,-0.13,FALSE,1000,0.963,-0.185,0.24
132,FALSE,-4,1,6.6,1,0.4,rational,manual,0.01,1001,QV,0.5,-0.12,FALSE,1000,0.982,-0.185,0.24
133,FALSE,-4,1,6.6,1,0.4,rational,manual,0.01,1001,QV,0.5,-0.11,FALSE,1000,0.989,-0.185,0.24
134,FALSE,-4,1,6.6,1,0.4,rational,manual,0.01,1001,QV,0.5,-0.1,FALSE,1000,0.998,-0.185,0.24
135,FALSE,-4,1,6.6,1,0.4,rational,manual,0.01,1001,QV,0.5,-0.09,FALSE,1000,0.996,-0.185,0.24
136,FALSE,-4,1,6.6,1,0.4,rational,manual,0.01,1001,QV,0.5,-0.08,FALSE,1000,0.999,-0.185,0.24
137,FALSE,-4,1,6.6,1,0.4,rational,manual,0.01,1001,QV,0.5,-0.07,FALSE,1000,0.999,-0.185,0.24
138,FALSE,-4,1,6.6,1,0.4,rational,manual,0.01,1001,QV,0.5,-0.06,FALSE,1000,1,-0.185,0.24
139,FALSE,-4,1,6.6,1,0.4,rational,manual,0.01,1001,QV,0.5,-0.05,FALSE,1000,1,-0.185,0.24
140,FALSE,-4,1,6.6,1,0.4,rational,manual,0.01,1001,QV,0.5,-0.04,FALSE,1000,0.999,-0.185,0.24
141,FALSE,-4,1,6.6,1,0.4,rational,manual,0.01,1001,QV,0.5,-0.03,FALSE,1000,1,-0.185,0.24
142,FALSE,-4,1,6.6,1,0.4,rational,manual,0.01,1001,QV,0.5,-0.02,FALSE,1000,1,-0.185,0.24
143,FALSE,-4,1,6.6,1,0.4,rational,manual,0.01,1001,QV,0.5,-0.01,FALSE,1000,1,-0.185,0.24
144,FALSE,-4,1,6.6,1,0.4,rational,manual,0.01,1001,QV,0.5,0,FALSE,1000,1,-0.185,0.24
145,FALSE,-4,1,6.7,1,0.4,rational,manual,0.01,1001,QV,0.5,-0.35,FALSE,1000,0,-0.21,0.28
146,FALSE,-4,1,6.7,1,0.4,rational,manual,0.01,1001,QV,0.5,-0.34,FALSE,1000,0,-0.21,0.28
147,FALSE,-4,1,6.7,1,0.4,rational,manual,0.01,1001,QV,0.5,-0.33,FALSE,1000,0,-0.21,0.28
148,FALSE,-4,1,6.7,1,0.4,rational,manual,0.01,1001,QV,0.5,-0.32,FALSE,1000,0,-0.21,0.28
149,FALSE,-4,1,6.7,1,0.4,rational,manual,0.01,1001,QV,0.5,-0.31,FALSE,1000,0,-0.21,0.28
150,FALSE,-4,1,6.7,1,0.4,rational,manual,0.01,1001,QV,0.5,-0.3,FALSE,1000,0,-0.21,0.28
151,FALSE,-4,1,6.7,1,0.4,rational,manual,0.01,1001,QV,0.5,-0.29,FALSE,1000,0,-0.21,0.28
152,FALSE,-4,1,6.7,1,0.4,rational,manual,0.01,1001,QV,0.5,-0.28,FALSE,1000,0,-0.21,0.28
153,FALSE,-4,1,6.7,1,0.4,rational,manual,0.01,1001,QV,0.5,-0.27,FALSE,1000,0.001,-0.21,0.28
154,FALSE,-4,1,6.7,1,0.4,rational,manual,0.01,1001,QV,0.5,-0.26,FALSE,1000,0.009,-0.21,0.28
155,FALSE,-4,1,6.7,1,0.4,rational,manual,0.01,1001,QV,0.5,-0.25,FALSE,1000,0.026,-0.21,0.28
156,FALSE,-4,1,6.7,1,0.4,rational,manual,0.01,1001,QV,0.5,-0.24,FALSE,1000,0.084,-0.21,0.28
157,FALSE,-4,1,6.7,1,0.4,rational,manual,0.01,1001,QV,0.5,-0.23,FALSE,1000,0.153,-0.21,0.28
158,FALSE,-4,1,6.7,1,0.4,rational,manual,0.01,1001,QV,0.5,-0.22,FALSE,1000,0.259,-0.21,0.28
159,FALSE,-4,1,6.7,1,0.4,rational,manual,0.01,1001,QV,0.5,-0.21,FALSE,1000,0.425,-0.21,0.28
160,FALSE,-4,1,6.7,1,0.4,rational,manual,0.01,1001,QV,0.5,-0.2,FALSE,1000,0.601,-0.21,0.28
161,FALSE,-4,1,6.7,1,0.4,rational,manual,0.01,1001,QV,0.5,-0.19,FALSE,1000,0.745,-0.21,0.28
162,FALSE,-4,1,6.7,1,0.4,rational,manual,0.01,1001,QV,0.5,-0.18,FALSE,1000,0.824,-0.21,0.28
163,FALSE,-4,1,6.7,1,0.4,rational,manual,0.01,1001,QV,0.5,-0.17,FALSE,1000,0.906,-0.21,0.28
164,FALSE,-4,1,6.7,1,0.4,rational,manual,0.01,1001,QV,0.5,-0.16,FALSE,1000,0.958,-0.21,0.28
165,FALSE,-4,1,6.7,1,0.4,rational,manual,0.01,1001,QV,0.5,-0.15,FALSE,1000,0.983,-0.21,0.28
166,FALSE,-4,1,6.7,1,0.4,rational,manual,0.01,1001,QV,0.5,-0.14,FALSE,1000,0.992,-0.21,0.28
167,FALSE,-4,1,6.7,1,0.4,rational,manual,0.01,1001,QV,0.5,-0.13,FALSE,1000,0.996,-0.21,0.28
168,FALSE,-4,1,6.7,1,0.4,rational,manual,0.01,1001,QV,0.5,-0.12,FALSE,1000,0.999,-0.21,0.28
169,FALSE,-4,1,6.7,1,0.4,rational,manual,0.01,1001,QV,0.5,-0.11,FALSE,1000,1,-0.21,0.28
170,FALSE,-4,1,6.7,1,0.4,rational,manual,0.01,1001,QV,0.5,-0.1,FALSE,1000,0.999,-0.21,0.28
171,FALSE,-4,1,6.7,1,0.4,rational,manual,0.01,1001,QV,0.5,-0.09,FALSE,1000,1,-0.21,0.28
172,FALSE,-4,1,6.7,1,0.4,rational,manual,0.01,1001,QV,0.5,-0.08,FALSE,1000,1,-0.21,0.28
173,FALSE,-4,1,6.7,1,0.4,rational,manual,0.01,1001,QV,0.5,-0.07,FALSE,1000,1,-0.21,0.28
174,FALSE,-4,1,6.7,1,0.4,rational,manual,0.01,1001,QV,0.5,-0.06,FALSE,1000,1,-0.21,0.28
175,FALSE,-4,1,6.7,1,0.4,rational,manual,0.01,1001,QV,0.5,-0.05,FALSE,1000,1,-0.21,0.28
176,FALSE,-4,1,6.7,1,0.4,rational,manual,0.01,1001,QV,0.5,-0.04,FALSE,1000,1,-0.21,0.28
177,FALSE,-4,1,6.7,1,0.4,rational,manual,0.01,1001,QV,0.5,-0.03,FALSE,1000,1,-0.21,0.28
178,FALSE,-4,1,6.7,1,0.4,rational,manual,0.01,1001,QV,0.5,-0.02,FALSE,1000,1,-0.21,0.28
179,FALSE,-4,1,6.7,1,0.4,rational,manual,0.01,1001,QV,0.5,-0.01,FALSE,1000,1,-0.21,0.28
180,FALSE,-4,1,6.7,1,0.4,rational,manual,0.01,1001,QV,0.5,0,FALSE,1000,1,-0.21,0.28
181,FALSE,-4,1,6.8,1,0.4,rational,manual,0.01,1001,QV,0.5,-0.35,FALSE,1000,0,-0.23,0.32
182,FALSE,-4,1,6.8,1,0.4,rational,manual,0.01,1001,QV,0.5,-0.34,FALSE,1000,0,-0.23,0.32
183,FALSE,-4,1,6.8,1,0.4,rational,manual,0.01,1001,QV,0.5,-0.33,FALSE,1000,0,-0.23,0.32
184,FALSE,-4,1,6.8,1,0.4,rational,manual,0.01,1001,QV,0.5,-0.32,FALSE,1000,0,-0.23,0.32
185,FALSE,-4,1,6.8,1,0.4,rational,manual,0.01,1001,QV,0.5,-0.31,FALSE,1000,0,-0.23,0.32
186,FALSE,-4,1,6.8,1,0.4,rational,manual,0.01,1001,QV,0.5,-0.3,FALSE,1000,0,-0.23,0.32
187,FALSE,-4,1,6.8,1,0.4,rational,manual,0.01,1001,QV,0.5,-0.29,FALSE,1000,0,-0.23,0.32
188,FALSE,-4,1,6.8,1,0.4,rational,manual,0.01,1001,QV,0.5,-0.28,FALSE,1000,0.003,-0.23,0.32
189,FALSE,-4,1,6.8,1,0.4,rational,manual,0.01,1001,QV,0.5,-0.27,FALSE,1000,0.013,-0.23,0.32
190,FALSE,-4,1,6.8,1,0.4,rational,manual,0.01,1001,QV,0.5,-0.26,FALSE,1000,0.037,-0.23,0.32
191,FALSE,-4,1,6.8,1,0.4,rational,manual,0.01,1001,QV,0.5,-0.25,FALSE,1000,0.1,-0.23,0.32
192,FALSE,-4,1,6.8,1,0.4,rational,manual,0.01,1001,QV,0.5,-0.24,FALSE,1000,0.25,-0.23,0.32
193,FALSE,-4,1,6.8,1,0.4,rational,manual,0.01,1001,QV,0.5,-0.23,FALSE,1000,0.433,-0.23,0.32
194,FALSE,-4,1,6.8,1,0.4,rational,manual,0.01,1001,QV,0.5,-0.22,FALSE,1000,0.579,-0.23,0.32
195,FALSE,-4,1,6.8,1,0.4,rational,manual,0.01,1001,QV,0.5,-0.21,FALSE,1000,0.724,-0.23,0.32
196,FALSE,-4,1,6.8,1,0.4,rational,manual,0.01,1001,QV,0.5,-0.2,FALSE,1000,0.852,-0.23,0.32
197,FALSE,-4,1,6.8,1,0.4,rational,manual,0.01,1001,QV,0.5,-0.19,FALSE,1000,0.917,-0.23,0.32
198,FALSE,-4,1,6.8,1,0.4,rational,manual,0.01,1001,QV,0.5,-0.18,FALSE,1000,0.971,-0.23,0.32
199,FALSE,-4,1,6.8,1,0.4,rational,manual,0.01,1001,QV,0.5,-0.17,FALSE,1000,0.985,-0.23,0.32
200,FALSE,-4,1,6.8,1,0.4,rational,manual,0.01,1001,QV,0.5,-0.16,FALSE,1000,0.997,-0.23,0.32
201,FALSE,-4,1,6.8,1,0.4,rational,manual,0.01,1001,QV,0.5,-0.15,FALSE,1000,0.997,-0.23,0.32
202,FALSE,-4,1,6.8,1,0.4,rational,manual,0.01,1001,QV,0.5,-0.14,FALSE,1000,0.996,-0.23,0.32
203,FALSE,-4,1,6.8,1,0.4,rational,manual,0.01,1001,QV,0.5,-0.13,FALSE,1000,0.999,-0.23,0.32
204,FALSE,-4,1,6.8,1,0.4,rational,manual,0.01,1001,QV,0.5,-0.12,FALSE,1000,1,-0.23,0.32
205,FALSE,-4,1,6.8,1,0.4,rational,manual,0.01,1001,QV,0.5,-0.11,FALSE,1000,1,-0.23,0.32
206,FALSE,-4,1,6.8,1,0.4,rational,manual,0.01,1001,QV,0.5,-0.1,FALSE,1000,1,-0.23,0.32
207,FALSE,-4,1,6.8,1,0.4,rational,manual,0.01,1001,QV,0.5,-0.09,FALSE,1000,1,-0.23,0.32
208,FALSE,-4,1,6.8,1,0.4,rational,manual,0.01,1001,QV,0.5,-0.08,FALSE,1000,1,-0.23,0.32
209,FALSE,-4,1,6.8,1,0.4,rational,manual,0.01,1001,QV,0.5,-0.07,FALSE,1000,1,-0.23,0.32
210,FALSE,-4,1,6.8,1,0.4,rational,manual,0.01,1001,QV,0.5,-0.06,FALSE,1000,1,-0.23,0.32
211,FALSE,-4,1,6.8,1,0.4,rational,manual,0.01,1001,QV,0.5,-0.05,FALSE,1000,1,-0.23,0.32
212,FALSE,-4,1,6.8,1,0.4,rational,manual,0.01,1001,QV,0.5,-0.04,FALSE,1000,1,-0.23,0.32
213,FALSE,-4,1,6.8,1,0.4,rational,manual,0.01,1001,QV,0.5,-0.03,FALSE,1000,1,-0.23,0.32
214,FALSE,-4,1,6.8,1,0.4,rational,manual,0.01,1001,QV,0.5,-0.02,FALSE,1000,1,-0.23,0.32
215,FALSE,-4,1,6.8,1,0.4,rational,manual,0.01,1001,QV,0.5,-0.01,FALSE,1000,1,-0.23,0.32
216,FALSE,-4,1,6.8,1,0.4,rational,manual,0.01,1001,QV,0.5,0,FALSE,1000,1,-0.23,0.32
217,FALSE,-4,1,6.9,1,0.4,rational,manual,0.01,1001,QV,0.5,-0.35,FALSE,1000,0,-0.24,0.36
218,FALSE,-4,1,6.9,1,0.4,rational,manual,0.01,1001,QV,0.5,-0.34,FALSE,1000,0,-0.24,0.36
219,FALSE,-4,1,6.9,1,0.4,rational,manual,0.01,1001,QV,0.5,-0.33,FALSE,1000,0,-0.24,0.36
220,FALSE,-4,1,6.9,1,0.4,rational,manual,0.01,1001,QV,0.5,-0.32,FALSE,1000,0,-0.24,0.36
221,FALSE,-4,1,6.9,1,0.4,rational,manual,0.01,1001,QV,0.5,-0.31,FALSE,1000,0,-0.24,0.36
222,FALSE,-4,1,6.9,1,0.4,rational,manual,0.01,1001,QV,0.5,-0.3,FALSE,1000,0.002,-0.24,0.36
223,FALSE,-4,1,6.9,1,0.4,rational,manual,0.01,1001,QV,0.5,-0.29,FALSE,1000,0.012,-0.24,0.36
224,FALSE,-4,1,6.9,1,0.4,rational,manual,0.01,1001,QV,0.5,-0.28,FALSE,1000,0.023,-0.24,0.36
225,FALSE,-4,1,6.9,1,0.4,rational,manual,0.01,1001,QV,0.5,-0.27,FALSE,1000,0.082,-0.24,0.36
226,FALSE,-4,1,6.9,1,0.4,rational,manual,0.01,1001,QV,0.5,-0.26,FALSE,1000,0.198,-0.24,0.36
227,FALSE,-4,1,6.9,1,0.4,rational,manual,0.01,1001,QV,0.5,-0.25,FALSE,1000,0.385,-0.24,0.36
228,FALSE,-4,1,6.9,1,0.4,rational,manual,0.01,1001,QV,0.5,-0.24,FALSE,1000,0.544,-0.24,0.36
229,FALSE,-4,1,6.9,1,0.4,rational,manual,0.01,1001,QV,0.5,-0.23,FALSE,1000,0.692,-0.24,0.36
230,FALSE,-4,1,6.9,1,0.4,rational,manual,0.01,1001,QV,0.5,-0.22,FALSE,1000,0.843,-0.24,0.36
231,FALSE,-4,1,6.9,1,0.4,rational,manual,0.01,1001,QV,0.5,-0.21,FALSE,1000,0.92,-0.24,0.36
232,FALSE,-4,1,6.9,1,0.4,rational,manual,0.01,1001,QV,0.5,-0.2,FALSE,1000,0.968,-0.24,0.36
233,FALSE,-4,1,6.9,1,0.4,rational,manual,0.01,1001,QV,0.5,-0.19,FALSE,1000,0.981,-0.24,0.36
234,FALSE,-4,1,6.9,1,0.4,rational,manual,0.01,1001,QV,0.5,-0.18,FALSE,1000,0.998,-0.24,0.36
235,FALSE,-4,1,6.9,1,0.4,rational,manual,0.01,1001,QV,0.5,-0.17,FALSE,1000,1,-0.24,0.36
236,FALSE,-4,1,6.9,1,0.4,rational,manual,0.01,1001,QV,0.5,-0.16,FALSE,1000,1,-0.24,0.36
237,FALSE,-4,1,6.9,1,0.4,rational,manual,0.01,1001,QV,0.5,-0.15,FALSE,1000,1,-0.24,0.36
238,FALSE,-4,1,6.9,1,0.4,rational,manual,0.01,1001,QV,0.5,-0.14,FALSE,1000,0.999,-0.24,0.36
239,FALSE,-4,1,6.9,1,0.4,rational,manual,0.01,1001,QV,0.5,-0.13,FALSE,1000,1,-0.24,0.36
240,FALSE,-4,1,6.9,1,0.4,rational,manual,0.01,1001,QV,0.5,-0.12,FALSE,1000,1,-0.24,0.36
241,FALSE,-4,1,6.9,1,0.4,rational,manual,0.01,1001,QV,0.5,-0.11,FALSE,1000,1,-0.24,0.36
242,FALSE,-4,1,6.9,1,0.4,rational,manual,0.01,1001,QV,0.5,-0.1,FALSE,1000,1,-0.24,0.36
243,FALSE,-4,1,6.9,1,0.4,rational,manual,0.01,1001,QV,0.5,-0.09,FALSE,1000,1,-0.24,0.36
244,FALSE,-4,1,6.9,1,0.4,rational,manual,0.01,1001,QV,0.5,-0.08,FALSE,1000,1,-0.24,0.36
245,FALSE,-4,1,6.9,1,0.4,rational,manual,0.01,1001,QV,0.5,-0.07,FALSE,1000,1,-0.24,0.36
246,FALSE,-4,1,6.9,1,0.4,rational,manual,0.01,1001,QV,0.5,-0.06,FALSE,1000,1,-0.24,0.36
247,FALSE,-4,1,6.9,1,0.4,rational,manual,0.01,1001,QV,0.5,-0.05,FALSE,1000,1,-0.24,0.36
248,FALSE,-4,1,6.9,1,0.4,rational,manual,0.01,1001,QV,0.5,-0.04,FALSE,1000,1,-0.24,0.36
249,FALSE,-4,1,6.9,1,0.4,rational,manual,0.01,1001,QV,0.5,-0.03,FALSE,1000,1,-0.24,0.36
250,FALSE,-4,1,6.9,1,0.4,rational,manual,0.01,1001,QV,0.5,-0.02,FALSE,1000,1,-0.24,0.36
251,FALSE,-4,1,6.9,1,0.4,rational,manual,0.01,1001,QV,0.5,-0.01,FALSE,1000,1,-0.24,0.36
252,FALSE,-4,1,6.9,1,0.4,rational,manual,0.01,1001,QV,0.5,0,FALSE,1000,1,-0.24,0.36
253,FALSE,-4,1,7,1,0.4,rational,manual,0.01,1001,QV,0.5,-0.35,FALSE,1000,0,-0.25,0.4
254,FALSE,-4,1,7,1,0.4,rational,manual,0.01,1001,QV,0.5,-0.34,FALSE,1000,0,-0.25,0.4
255,FALSE,-4,1,7,1,0.4,rational,manual,0.01,1001,QV,0.5,-0.33,FALSE,1000,0,-0.25,0.4
256,FALSE,-4,1,7,1,0.4,rational,manual,0.01,1001,QV,0.5,-0.32,FALSE,1000,0,-0.25,0.4
257,FALSE,-4,1,7,1,0.4,rational,manual,0.01,1001,QV,0.5,-0.31,FALSE,1000,0,-0.25,0.4
258,FALSE,-4,1,7,1,0.4,rational,manual,0.01,1001,QV,0.5,-0.3,FALSE,1000,0.007,-0.25,0.4
259,FALSE,-4,1,7,1,0.4,rational,manual,0.01,1001,QV,0.5,-0.29,FALSE,1000,0.048,-0.25,0.4
260,FALSE,-4,1,7,1,0.4,rational,manual,0.01,1001,QV,0.5,-0.28,FALSE,1000,0.125,-0.25,0.4
261,FALSE,-4,1,7,1,0.4,rational,manual,0.01,1001,QV,0.5,-0.27,FALSE,1000,0.271,-0.25,0.4
262,FALSE,-4,1,7,1,0.4,rational,manual,0.01,1001,QV,0.5,-0.26,FALSE,1000,0.435,-0.25,0.4
263,FALSE,-4,1,7,1,0.4,rational,manual,0.01,1001,QV,0.5,-0.25,FALSE,1000,0.635,-0.25,0.4
264,FALSE,-4,1,7,1,0.4,rational,manual,0.01,1001,QV,0.5,-0.24,FALSE,1000,0.82,-0.25,0.4
265,FALSE,-4,1,7,1,0.4,rational,manual,0.01,1001,QV,0.5,-0.23,FALSE,1000,0.906,-0.25,0.4
266,FALSE,-4,1,7,1,0.4,rational,manual,0.01,1001,QV,0.5,-0.22,FALSE,1000,0.951,-0.25,0.4
267,FALSE,-4,1,7,1,0.4,rational,manual,0.01,1001,QV,0.5,-0.21,FALSE,1000,0.987,-0.25,0.4
268,FALSE,-4,1,7,1,0.4,rational,manual,0.01,1001,QV,0.5,-0.2,FALSE,1000,0.996,-0.25,0.4
269,FALSE,-4,1,7,1,0.4,rational,manual,0.01,1001,QV,0.5,-0.19,FALSE,1000,0.997,-0.25,0.4
270,FALSE,-4,1,7,1,0.4,rational,manual,0.01,1001,QV,0.5,-0.18,FALSE,1000,1,-0.25,0.4
271,FALSE,-4,1,7,1,0.4,rational,manual,0.01,1001,QV,0.5,-0.17,FALSE,1000,1,-0.25,0.4
272,FALSE,-4,1,7,1,0.4,rational,manual,0.01,1001,QV,0.5,-0.16,FALSE,1000,1,-0.25,0.4
273,FALSE,-4,1,7,1,0.4,rational,manual,0.01,1001,QV,0.5,-0.15,FALSE,1000,1,-0.25,0.4
274,FALSE,-4,1,7,1,0.4,rational,manual,0.01,1001,QV,0.5,-0.14,FALSE,1000,1,-0.25,0.4
275,FALSE,-4,1,7,1,0.4,rational,manual,0.01,1001,QV,0.5,-0.13,FALSE,1000,1,-0.25,0.4
276,FALSE,-4,1,7,1,0.4,rational,manual,0.01,1001,QV,0.5,-0.12,FALSE,1000,1,-0.25,0.4
277,FALSE,-4,1,7,1,0.4,rational,manual,0.01,1001,QV,0.5,-0.11,FALSE,1000,1,-0.25,0.4
278,FALSE,-4,1,7,1,0.4,rational,manual,0.01,1001,QV,0.5,-0.1,FALSE,1000,1,-0.25,0.4
279,FALSE,-4,1,7,1,0.4,rational,manual,0.01,1001,QV,0.5,-0.09,FALSE,1000,1,-0.25,0.4
280,FALSE,-4,1,7,1,0.4,rational,manual,0.01,1001,QV,0.5,-0.08,FALSE,1000,1,-0.25,0.4
281,FALSE,-4,1,7,1,0.4,rational,manual,0.01,1001,QV,0.5,-0.07,FALSE,1000,1,-0.25,0.4
282,FALSE,-4,1,7,1,0.4,rational,manual,0.01,1001,QV,0.5,-0.06,FALSE,1000,1,-0.25,0.4
283,FALSE,-4,1,7,1,0.4,rational,manual,0.01,1001,QV,0.5,-0.05,FALSE,1000,1,-0.25,0.4
284,FALSE,-4,1,7,1,0.4,rational,manual,0.01,1001,QV,0.5,-0.04,FALSE,1000,1,-0.25,0.4
285,FALSE,-4,1,7,1,0.4,rational,manual,0.01,1001,QV,0.5,-0.03,FALSE,1000,1,-0.25,0.4
286,FALSE,-4,1,7,1,0.4,rational,manual,0.01,1001,QV,0.5,-0.02,FALSE,1000,1,-0.25,0.4
287,FALSE,-4,1,7,1,0.4,rational,manual,0.01,1001,QV,0.5,-0.01,FALSE,1000,1,-0.25,0.4
288,FALSE,-4,1,7,1,0.4,rational,manual,0.01,1001,QV,0.5,0,FALSE,1000,1,-0.25,0.4
,,,,,,,,,,,,,,,,,-0.28,0.5
,,,,,,,,,,,,,,,,,-0.31,0.6
,,,,,,,,,,,,,,,,,-0.33,0.7
,,,,,,,,,,,,,,,,,-0.35,0.8
,,,,,,,,,,,,,,,,,-0.365,0.9
,,,,,,,,,,,,,,,,,-0.375,1
,,,,,,,,,,,,,,,,,-0.385,1.1
,,,,,,,,,,,,,,,,,-0.39,1.2
