[run number],payoff-include-votes-cost?,majority-mean-utility,majority-utility-stdev,behavior-under-qv,calibration,variance-of-pmp,number-of-voters,voting-mechanism,marginal-pivotality,utility-pmp-correlation,limit-votes?,[step],mean payoff-sign-list,average payoff
1,FALSE,0,1,rational,manual,0.01,1001,QV,0.5,-1,FALSE,100,0.89,0.931
127,FALSE,0,1,rational,manual,0.01,1001,QV,0.5,-1,FALSE,100,0.95,0.931
253,FALSE,0,1,rational,manual,0.01,1001,QV,0.5,-1,FALSE,100,0.96,0.931
379,FALSE,0,1,rational,manual,0.01,1001,QV,0.5,-1,FALSE,100,0.94,0.931
505,FALSE,0,1,rational,manual,0.01,1001,QV,0.5,-1,FALSE,100,0.94,0.931
631,FALSE,0,1,rational,manual,0.01,1001,QV,0.5,-1,FALSE,100,0.89,0.931
757,FALSE,0,1,rational,manual,0.01,1001,QV,0.5,-1,FALSE,100,0.93,0.931
883,FALSE,0,1,rational,manual,0.01,1001,QV,0.5,-1,FALSE,100,0.96,0.931
1009,FALSE,0,1,rational,manual,0.01,1001,QV,0.5,-1,FALSE,100,0.9,0.931
1135,FALSE,0,1,rational,manual,0.01,1001,QV,0.5,-1,FALSE,100,0.95,0.931
2,FALSE,0.02,1,rational,manual,0.01,1001,QV,0.5,-1,FALSE,100,0.98,0.941
128,FALSE,0.02,1,rational,manual,0.01,1001,QV,0.5,-1,FALSE,100,0.96,0.941
254,FALSE,0.02,1,rational,manual,0.01,1001,QV,0.5,-1,FALSE,100,0.91,0.941
380,FALSE,0.02,1,rational,manual,0.01,1001,QV,0.5,-1,FALSE,100,0.94,0.941
506,FALSE,0.02,1,rational,manual,0.01,1001,QV,0.5,-1,FALSE,100,0.94,0.941
632,FALSE,0.02,1,rational,manual,0.01,1001,QV,0.5,-1,FALSE,100,0.94,0.941
758,FALSE,0.02,1,rational,manual,0.01,1001,QV,0.5,-1,FALSE,100,0.94,0.941
884,FALSE,0.02,1,rational,manual,0.01,1001,QV,0.5,-1,FALSE,100,0.92,0.941
1010,FALSE,0.02,1,rational,manual,0.01,1001,QV,0.5,-1,FALSE,100,0.95,0.941
1136,FALSE,0.02,1,rational,manual,0.01,1001,QV,0.5,-1,FALSE,100,0.93,0.941
3,FALSE,0.04,1,rational,manual,0.01,1001,QV,0.5,-1,FALSE,100,0.97,0.954
129,FALSE,0.04,1,rational,manual,0.01,1001,QV,0.5,-1,FALSE,100,0.95,0.954
255,FALSE,0.04,1,rational,manual,0.01,1001,QV,0.5,-1,FALSE,100,0.96,0.954
381,FALSE,0.04,1,rational,manual,0.01,1001,QV,0.5,-1,FALSE,100,0.95,0.954
507,FALSE,0.04,1,rational,manual,0.01,1001,QV,0.5,-1,FALSE,100,0.95,0.954
633,FALSE,0.04,1,rational,manual,0.01,1001,QV,0.5,-1,FALSE,100,0.95,0.954
759,FALSE,0.04,1,rational,manual,0.01,1001,QV,0.5,-1,FALSE,100,0.95,0.954
885,FALSE,0.04,1,rational,manual,0.01,1001,QV,0.5,-1,FALSE,100,0.94,0.954
1011,FALSE,0.04,1,rational,manual,0.01,1001,QV,0.5,-1,FALSE,100,0.98,0.954
1137,FALSE,0.04,1,rational,manual,0.01,1001,QV,0.5,-1,FALSE,100,0.94,0.954
4,FALSE,0.06,1,rational,manual,0.01,1001,QV,0.5,-1,FALSE,100,0.99,0.982
130,FALSE,0.06,1,rational,manual,0.01,1001,QV,0.5,-1,FALSE,100,1,0.982
256,FALSE,0.06,1,rational,manual,0.01,1001,QV,0.5,-1,FALSE,100,0.97,0.982
382,FALSE,0.06,1,rational,manual,0.01,1001,QV,0.5,-1,FALSE,100,0.99,0.982
508,FALSE,0.06,1,rational,manual,0.01,1001,QV,0.5,-1,FALSE,100,0.98,0.982
634,FALSE,0.06,1,rational,manual,0.01,1001,QV,0.5,-1,FALSE,100,0.98,0.982
760,FALSE,0.06,1,rational,manual,0.01,1001,QV,0.5,-1,FALSE,100,0.97,0.982
886,FALSE,0.06,1,rational,manual,0.01,1001,QV,0.5,-1,FALSE,100,0.99,0.982
1012,FALSE,0.06,1,rational,manual,0.01,1001,QV,0.5,-1,FALSE,100,0.96,0.982
1138,FALSE,0.06,1,rational,manual,0.01,1001,QV,0.5,-1,FALSE,100,0.99,0.982
5,FALSE,0.08,1,rational,manual,0.01,1001,QV,0.5,-1,FALSE,100,0.99,0.996
131,FALSE,0.08,1,rational,manual,0.01,1001,QV,0.5,-1,FALSE,100,1,0.996
257,FALSE,0.08,1,rational,manual,0.01,1001,QV,0.5,-1,FALSE,100,0.99,0.996
383,FALSE,0.08,1,rational,manual,0.01,1001,QV,0.5,-1,FALSE,100,0.99,0.996
509,FALSE,0.08,1,rational,manual,0.01,1001,QV,0.5,-1,FALSE,100,0.99,0.996
635,FALSE,0.08,1,rational,manual,0.01,1001,QV,0.5,-1,FALSE,100,1,0.996
761,FALSE,0.08,1,rational,manual,0.01,1001,QV,0.5,-1,FALSE,100,1,0.996
887,FALSE,0.08,1,rational,manual,0.01,1001,QV,0.5,-1,FALSE,100,1,0.996
1013,FALSE,0.08,1,rational,manual,0.01,1001,QV,0.5,-1,FALSE,100,1,0.996
1139,FALSE,0.08,1,rational,manual,0.01,1001,QV,0.5,-1,FALSE,100,1,0.996
6,FALSE,0.1,1,rational,manual,0.01,1001,QV,0.5,-1,FALSE,100,1,1
132,FALSE,0.1,1,rational,manual,0.01,1001,QV,0.5,-1,FALSE,100,1,1
258,FALSE,0.1,1,rational,manual,0.01,1001,QV,0.5,-1,FALSE,100,1,1
384,FALSE,0.1,1,rational,manual,0.01,1001,QV,0.5,-1,FALSE,100,1,1
510,FALSE,0.1,1,rational,manual,0.01,1001,QV,0.5,-1,FALSE,100,1,1
636,FALSE,0.1,1,rational,manual,0.01,1001,QV,0.5,-1,FALSE,100,1,1
762,FALSE,0.1,1,rational,manual,0.01,1001,QV,0.5,-1,FALSE,100,1,1
888,FALSE,0.1,1,rational,manual,0.01,1001,QV,0.5,-1,FALSE,100,1,1
1014,FALSE,0.1,1,rational,manual,0.01,1001,QV,0.5,-1,FALSE,100,1,1
1140,FALSE,0.1,1,rational,manual,0.01,1001,QV,0.5,-1,FALSE,100,1,1
7,FALSE,0,1,rational,manual,0.01,1001,QV,0.5,-0.9,FALSE,100,0.92,0.936
133,FALSE,0,1,rational,manual,0.01,1001,QV,0.5,-0.9,FALSE,100,0.93,0.936
259,FALSE,0,1,rational,manual,0.01,1001,QV,0.5,-0.9,FALSE,100,0.94,0.936
385,FALSE,0,1,rational,manual,0.01,1001,QV,0.5,-0.9,FALSE,100,0.95,0.936
511,FALSE,0,1,rational,manual,0.01,1001,QV,0.5,-0.9,FALSE,100,0.93,0.936
637,FALSE,0,1,rational,manual,0.01,1001,QV,0.5,-0.9,FALSE,100,0.95,0.936
763,FALSE,0,1,rational,manual,0.01,1001,QV,0.5,-0.9,FALSE,100,0.95,0.936
889,FALSE,0,1,rational,manual,0.01,1001,QV,0.5,-0.9,FALSE,100,0.9,0.936
1015,FALSE,0,1,rational,manual,0.01,1001,QV,0.5,-0.9,FALSE,100,0.96,0.936
1141,FALSE,0,1,rational,manual,0.01,1001,QV,0.5,-0.9,FALSE,100,0.93,0.936
8,FALSE,0.02,1,rational,manual,0.01,1001,QV,0.5,-0.9,FALSE,100,0.96,0.947
134,FALSE,0.02,1,rational,manual,0.01,1001,QV,0.5,-0.9,FALSE,100,0.95,0.947
260,FALSE,0.02,1,rational,manual,0.01,1001,QV,0.5,-0.9,FALSE,100,0.97,0.947
386,FALSE,0.02,1,rational,manual,0.01,1001,QV,0.5,-0.9,FALSE,100,0.98,0.947
512,FALSE,0.02,1,rational,manual,0.01,1001,QV,0.5,-0.9,FALSE,100,0.91,0.947
638,FALSE,0.02,1,rational,manual,0.01,1001,QV,0.5,-0.9,FALSE,100,0.92,0.947
764,FALSE,0.02,1,rational,manual,0.01,1001,QV,0.5,-0.9,FALSE,100,0.96,0.947
890,FALSE,0.02,1,rational,manual,0.01,1001,QV,0.5,-0.9,FALSE,100,0.92,0.947
1016,FALSE,0.02,1,rational,manual,0.01,1001,QV,0.5,-0.9,FALSE,100,0.98,0.947
1142,FALSE,0.02,1,rational,manual,0.01,1001,QV,0.5,-0.9,FALSE,100,0.92,0.947
9,FALSE,0.04,1,rational,manual,0.01,1001,QV,0.5,-0.9,FALSE,100,0.91,0.959
135,FALSE,0.04,1,rational,manual,0.01,1001,QV,0.5,-0.9,FALSE,100,0.97,0.959
261,FALSE,0.04,1,rational,manual,0.01,1001,QV,0.5,-0.9,FALSE,100,0.98,0.959
387,FALSE,0.04,1,rational,manual,0.01,1001,QV,0.5,-0.9,FALSE,100,0.97,0.959
513,FALSE,0.04,1,rational,manual,0.01,1001,QV,0.5,-0.9,FALSE,100,0.97,0.959
639,FALSE,0.04,1,rational,manual,0.01,1001,QV,0.5,-0.9,FALSE,100,0.92,0.959
765,FALSE,0.04,1,rational,manual,0.01,1001,QV,0.5,-0.9,FALSE,100,0.97,0.959
891,FALSE,0.04,1,rational,manual,0.01,1001,QV,0.5,-0.9,FALSE,100,0.96,0.959
1017,FALSE,0.04,1,rational,manual,0.01,1001,QV,0.5,-0.9,FALSE,100,0.98,0.959
1143,FALSE,0.04,1,rational,manual,0.01,1001,QV,0.5,-0.9,FALSE,100,0.96,0.959
10,FALSE,0.06,1,rational,manual,0.01,1001,QV,0.5,-0.9,FALSE,100,0.95,0.974
136,FALSE,0.06,1,rational,manual,0.01,1001,QV,0.5,-0.9,FALSE,100,0.96,0.974
262,FALSE,0.06,1,rational,manual,0.01,1001,QV,0.5,-0.9,FALSE,100,0.98,0.974
388,FALSE,0.06,1,rational,manual,0.01,1001,QV,0.5,-0.9,FALSE,100,0.97,0.974
514,FALSE,0.06,1,rational,manual,0.01,1001,QV,0.5,-0.9,FALSE,100,0.99,0.974
640,FALSE,0.06,1,rational,manual,0.01,1001,QV,0.5,-0.9,FALSE,100,0.97,0.974
766,FALSE,0.06,1,rational,manual,0.01,1001,QV,0.5,-0.9,FALSE,100,0.98,0.974
892,FALSE,0.06,1,rational,manual,0.01,1001,QV,0.5,-0.9,FALSE,100,0.97,0.974
1018,FALSE,0.06,1,rational,manual,0.01,1001,QV,0.5,-0.9,FALSE,100,1,0.974
1144,FALSE,0.06,1,rational,manual,0.01,1001,QV,0.5,-0.9,FALSE,100,0.97,0.974
11,FALSE,0.08,1,rational,manual,0.01,1001,QV,0.5,-0.9,FALSE,100,1,0.999
137,FALSE,0.08,1,rational,manual,0.01,1001,QV,0.5,-0.9,FALSE,100,1,0.999
263,FALSE,0.08,1,rational,manual,0.01,1001,QV,0.5,-0.9,FALSE,100,1,0.999
389,FALSE,0.08,1,rational,manual,0.01,1001,QV,0.5,-0.9,FALSE,100,1,0.999
515,FALSE,0.08,1,rational,manual,0.01,1001,QV,0.5,-0.9,FALSE,100,1,0.999
641,FALSE,0.08,1,rational,manual,0.01,1001,QV,0.5,-0.9,FALSE,100,1,0.999
767,FALSE,0.08,1,rational,manual,0.01,1001,QV,0.5,-0.9,FALSE,100,1,0.999
893,FALSE,0.08,1,rational,manual,0.01,1001,QV,0.5,-0.9,FALSE,100,1,0.999
1019,FALSE,0.08,1,rational,manual,0.01,1001,QV,0.5,-0.9,FALSE,100,1,0.999
1145,FALSE,0.08,1,rational,manual,0.01,1001,QV,0.5,-0.9,FALSE,100,0.99,0.999
12,FALSE,0.1,1,rational,manual,0.01,1001,QV,0.5,-0.9,FALSE,100,1,1
138,FALSE,0.1,1,rational,manual,0.01,1001,QV,0.5,-0.9,FALSE,100,1,1
264,FALSE,0.1,1,rational,manual,0.01,1001,QV,0.5,-0.9,FALSE,100,1,1
390,FALSE,0.1,1,rational,manual,0.01,1001,QV,0.5,-0.9,FALSE,100,1,1
516,FALSE,0.1,1,rational,manual,0.01,1001,QV,0.5,-0.9,FALSE,100,1,1
642,FALSE,0.1,1,rational,manual,0.01,1001,QV,0.5,-0.9,FALSE,100,1,1
768,FALSE,0.1,1,rational,manual,0.01,1001,QV,0.5,-0.9,FALSE,100,1,1
894,FALSE,0.1,1,rational,manual,0.01,1001,QV,0.5,-0.9,FALSE,100,1,1
1020,FALSE,0.1,1,rational,manual,0.01,1001,QV,0.5,-0.9,FALSE,100,1,1
1146,FALSE,0.1,1,rational,manual,0.01,1001,QV,0.5,-0.9,FALSE,100,1,1
13,FALSE,0,1,rational,manual,0.01,1001,QV,0.5,-0.8,FALSE,100,0.96,0.954
139,FALSE,0,1,rational,manual,0.01,1001,QV,0.5,-0.8,FALSE,100,0.97,0.954
265,FALSE,0,1,rational,manual,0.01,1001,QV,0.5,-0.8,FALSE,100,0.93,0.954
391,FALSE,0,1,rational,manual,0.01,1001,QV,0.5,-0.8,FALSE,100,0.95,0.954
517,FALSE,0,1,rational,manual,0.01,1001,QV,0.5,-0.8,FALSE,100,0.95,0.954
643,FALSE,0,1,rational,manual,0.01,1001,QV,0.5,-0.8,FALSE,100,0.96,0.954
769,FALSE,0,1,rational,manual,0.01,1001,QV,0.5,-0.8,FALSE,100,0.95,0.954
895,FALSE,0,1,rational,manual,0.01,1001,QV,0.5,-0.8,FALSE,100,0.95,0.954
1021,FALSE,0,1,rational,manual,0.01,1001,QV,0.5,-0.8,FALSE,100,0.95,0.954
1147,FALSE,0,1,rational,manual,0.01,1001,QV,0.5,-0.8,FALSE,100,0.97,0.954
14,FALSE,0.02,1,rational,manual,0.01,1001,QV,0.5,-0.8,FALSE,100,0.97,0.942
140,FALSE,0.02,1,rational,manual,0.01,1001,QV,0.5,-0.8,FALSE,100,0.94,0.942
266,FALSE,0.02,1,rational,manual,0.01,1001,QV,0.5,-0.8,FALSE,100,0.96,0.942
392,FALSE,0.02,1,rational,manual,0.01,1001,QV,0.5,-0.8,FALSE,100,0.93,0.942
518,FALSE,0.02,1,rational,manual,0.01,1001,QV,0.5,-0.8,FALSE,100,0.92,0.942
644,FALSE,0.02,1,rational,manual,0.01,1001,QV,0.5,-0.8,FALSE,100,0.94,0.942
770,FALSE,0.02,1,rational,manual,0.01,1001,QV,0.5,-0.8,FALSE,100,0.97,0.942
896,FALSE,0.02,1,rational,manual,0.01,1001,QV,0.5,-0.8,FALSE,100,0.9,0.942
1022,FALSE,0.02,1,rational,manual,0.01,1001,QV,0.5,-0.8,FALSE,100,0.95,0.942
1148,FALSE,0.02,1,rational,manual,0.01,1001,QV,0.5,-0.8,FALSE,100,0.94,0.942
15,FALSE,0.04,1,rational,manual,0.01,1001,QV,0.5,-0.8,FALSE,100,0.95,0.963
141,FALSE,0.04,1,rational,manual,0.01,1001,QV,0.5,-0.8,FALSE,100,0.95,0.963
267,FALSE,0.04,1,rational,manual,0.01,1001,QV,0.5,-0.8,FALSE,100,0.95,0.963
393,FALSE,0.04,1,rational,manual,0.01,1001,QV,0.5,-0.8,FALSE,100,0.96,0.963
519,FALSE,0.04,1,rational,manual,0.01,1001,QV,0.5,-0.8,FALSE,100,0.98,0.963
645,FALSE,0.04,1,rational,manual,0.01,1001,QV,0.5,-0.8,FALSE,100,0.97,0.963
771,FALSE,0.04,1,rational,manual,0.01,1001,QV,0.5,-0.8,FALSE,100,0.97,0.963
897,FALSE,0.04,1,rational,manual,0.01,1001,QV,0.5,-0.8,FALSE,100,0.99,0.963
1023,FALSE,0.04,1,rational,manual,0.01,1001,QV,0.5,-0.8,FALSE,100,0.96,0.963
1149,FALSE,0.04,1,rational,manual,0.01,1001,QV,0.5,-0.8,FALSE,100,0.95,0.963
16,FALSE,0.06,1,rational,manual,0.01,1001,QV,0.5,-0.8,FALSE,100,0.98,0.985
142,FALSE,0.06,1,rational,manual,0.01,1001,QV,0.5,-0.8,FALSE,100,0.97,0.985
268,FALSE,0.06,1,rational,manual,0.01,1001,QV,0.5,-0.8,FALSE,100,0.98,0.985
394,FALSE,0.06,1,rational,manual,0.01,1001,QV,0.5,-0.8,FALSE,100,0.99,0.985
520,FALSE,0.06,1,rational,manual,0.01,1001,QV,0.5,-0.8,FALSE,100,1,0.985
646,FALSE,0.06,1,rational,manual,0.01,1001,QV,0.5,-0.8,FALSE,100,0.99,0.985
772,FALSE,0.06,1,rational,manual,0.01,1001,QV,0.5,-0.8,FALSE,100,1,0.985
898,FALSE,0.06,1,rational,manual,0.01,1001,QV,0.5,-0.8,FALSE,100,0.99,0.985
1024,FALSE,0.06,1,rational,manual,0.01,1001,QV,0.5,-0.8,FALSE,100,0.98,0.985
1150,FALSE,0.06,1,rational,manual,0.01,1001,QV,0.5,-0.8,FALSE,100,0.97,0.985
17,FALSE,0.08,1,rational,manual,0.01,1001,QV,0.5,-0.8,FALSE,100,1,0.995
143,FALSE,0.08,1,rational,manual,0.01,1001,QV,0.5,-0.8,FALSE,100,0.98,0.995
269,FALSE,0.08,1,rational,manual,0.01,1001,QV,0.5,-0.8,FALSE,100,0.99,0.995
395,FALSE,0.08,1,rational,manual,0.01,1001,QV,0.5,-0.8,FALSE,100,1,0.995
521,FALSE,0.08,1,rational,manual,0.01,1001,QV,0.5,-0.8,FALSE,100,0.99,0.995
647,FALSE,0.08,1,rational,manual,0.01,1001,QV,0.5,-0.8,FALSE,100,1,0.995
773,FALSE,0.08,1,rational,manual,0.01,1001,QV,0.5,-0.8,FALSE,100,1,0.995
899,FALSE,0.08,1,rational,manual,0.01,1001,QV,0.5,-0.8,FALSE,100,0.99,0.995
1025,FALSE,0.08,1,rational,manual,0.01,1001,QV,0.5,-0.8,FALSE,100,1,0.995
1151,FALSE,0.08,1,rational,manual,0.01,1001,QV,0.5,-0.8,FALSE,100,1,0.995
18,FALSE,0.1,1,rational,manual,0.01,1001,QV,0.5,-0.8,FALSE,100,1,0.999
144,FALSE,0.1,1,rational,manual,0.01,1001,QV,0.5,-0.8,FALSE,100,0.99,0.999
270,FALSE,0.1,1,rational,manual,0.01,1001,QV,0.5,-0.8,FALSE,100,1,0.999
396,FALSE,0.1,1,rational,manual,0.01,1001,QV,0.5,-0.8,FALSE,100,1,0.999
522,FALSE,0.1,1,rational,manual,0.01,1001,QV,0.5,-0.8,FALSE,100,1,0.999
648,FALSE,0.1,1,rational,manual,0.01,1001,QV,0.5,-0.8,FALSE,100,1,0.999
774,FALSE,0.1,1,rational,manual,0.01,1001,QV,0.5,-0.8,FALSE,100,1,0.999
900,FALSE,0.1,1,rational,manual,0.01,1001,QV,0.5,-0.8,FALSE,100,1,0.999
1026,FALSE,0.1,1,rational,manual,0.01,1001,QV,0.5,-0.8,FALSE,100,1,0.999
1152,FALSE,0.1,1,rational,manual,0.01,1001,QV,0.5,-0.8,FALSE,100,1,0.999
19,FALSE,0,1,rational,manual,0.01,1001,QV,0.5,-0.7,FALSE,100,0.98,0.958
145,FALSE,0,1,rational,manual,0.01,1001,QV,0.5,-0.7,FALSE,100,0.96,0.958
271,FALSE,0,1,rational,manual,0.01,1001,QV,0.5,-0.7,FALSE,100,0.95,0.958
397,FALSE,0,1,rational,manual,0.01,1001,QV,0.5,-0.7,FALSE,100,1,0.958
523,FALSE,0,1,rational,manual,0.01,1001,QV,0.5,-0.7,FALSE,100,0.98,0.958
649,FALSE,0,1,rational,manual,0.01,1001,QV,0.5,-0.7,FALSE,100,0.96,0.958
775,FALSE,0,1,rational,manual,0.01,1001,QV,0.5,-0.7,FALSE,100,0.95,0.958
901,FALSE,0,1,rational,manual,0.01,1001,QV,0.5,-0.7,FALSE,100,0.93,0.958
1027,FALSE,0,1,rational,manual,0.01,1001,QV,0.5,-0.7,FALSE,100,0.94,0.958
1153,FALSE,0,1,rational,manual,0.01,1001,QV,0.5,-0.7,FALSE,100,0.93,0.958
20,FALSE,0.02,1,rational,manual,0.01,1001,QV,0.5,-0.7,FALSE,100,0.92,0.956
146,FALSE,0.02,1,rational,manual,0.01,1001,QV,0.5,-0.7,FALSE,100,0.92,0.956
272,FALSE,0.02,1,rational,manual,0.01,1001,QV,0.5,-0.7,FALSE,100,0.97,0.956
398,FALSE,0.02,1,rational,manual,0.01,1001,QV,0.5,-0.7,FALSE,100,0.93,0.956
524,FALSE,0.02,1,rational,manual,0.01,1001,QV,0.5,-0.7,FALSE,100,0.97,0.956
650,FALSE,0.02,1,rational,manual,0.01,1001,QV,0.5,-0.7,FALSE,100,0.97,0.956
776,FALSE,0.02,1,rational,manual,0.01,1001,QV,0.5,-0.7,FALSE,100,0.97,0.956
902,FALSE,0.02,1,rational,manual,0.01,1001,QV,0.5,-0.7,FALSE,100,0.98,0.956
1028,FALSE,0.02,1,rational,manual,0.01,1001,QV,0.5,-0.7,FALSE,100,0.96,0.956
1154,FALSE,0.02,1,rational,manual,0.01,1001,QV,0.5,-0.7,FALSE,100,0.97,0.956
21,FALSE,0.04,1,rational,manual,0.01,1001,QV,0.5,-0.7,FALSE,100,0.96,0.976
147,FALSE,0.04,1,rational,manual,0.01,1001,QV,0.5,-0.7,FALSE,100,0.97,0.976
273,FALSE,0.04,1,rational,manual,0.01,1001,QV,0.5,-0.7,FALSE,100,0.97,0.976
399,FALSE,0.04,1,rational,manual,0.01,1001,QV,0.5,-0.7,FALSE,100,0.96,0.976
525,FALSE,0.04,1,rational,manual,0.01,1001,QV,0.5,-0.7,FALSE,100,0.97,0.976
651,FALSE,0.04,1,rational,manual,0.01,1001,QV,0.5,-0.7,FALSE,100,0.98,0.976
777,FALSE,0.04,1,rational,manual,0.01,1001,QV,0.5,-0.7,FALSE,100,1,0.976
903,FALSE,0.04,1,rational,manual,0.01,1001,QV,0.5,-0.7,FALSE,100,0.99,0.976
1029,FALSE,0.04,1,rational,manual,0.01,1001,QV,0.5,-0.7,FALSE,100,0.98,0.976
1155,FALSE,0.04,1,rational,manual,0.01,1001,QV,0.5,-0.7,FALSE,100,0.98,0.976
22,FALSE,0.06,1,rational,manual,0.01,1001,QV,0.5,-0.7,FALSE,100,0.99,0.99
148,FALSE,0.06,1,rational,manual,0.01,1001,QV,0.5,-0.7,FALSE,100,0.98,0.99
274,FALSE,0.06,1,rational,manual,0.01,1001,QV,0.5,-0.7,FALSE,100,1,0.99
400,FALSE,0.06,1,rational,manual,0.01,1001,QV,0.5,-0.7,FALSE,100,1,0.99
526,FALSE,0.06,1,rational,manual,0.01,1001,QV,0.5,-0.7,FALSE,100,0.99,0.99
652,FALSE,0.06,1,rational,manual,0.01,1001,QV,0.5,-0.7,FALSE,100,0.98,0.99
778,FALSE,0.06,1,rational,manual,0.01,1001,QV,0.5,-0.7,FALSE,100,1,0.99
904,FALSE,0.06,1,rational,manual,0.01,1001,QV,0.5,-0.7,FALSE,100,1,0.99
1030,FALSE,0.06,1,rational,manual,0.01,1001,QV,0.5,-0.7,FALSE,100,0.98,0.99
1156,FALSE,0.06,1,rational,manual,0.01,1001,QV,0.5,-0.7,FALSE,100,0.98,0.99
23,FALSE,0.08,1,rational,manual,0.01,1001,QV,0.5,-0.7,FALSE,100,1,0.997
149,FALSE,0.08,1,rational,manual,0.01,1001,QV,0.5,-0.7,FALSE,100,0.99,0.997
275,FALSE,0.08,1,rational,manual,0.01,1001,QV,0.5,-0.7,FALSE,100,0.99,0.997
401,FALSE,0.08,1,rational,manual,0.01,1001,QV,0.5,-0.7,FALSE,100,1,0.997
527,FALSE,0.08,1,rational,manual,0.01,1001,QV,0.5,-0.7,FALSE,100,1,0.997
653,FALSE,0.08,1,rational,manual,0.01,1001,QV,0.5,-0.7,FALSE,100,1,0.997
779,FALSE,0.08,1,rational,manual,0.01,1001,QV,0.5,-0.7,FALSE,100,1,0.997
905,FALSE,0.08,1,rational,manual,0.01,1001,QV,0.5,-0.7,FALSE,100,1,0.997
1031,FALSE,0.08,1,rational,manual,0.01,1001,QV,0.5,-0.7,FALSE,100,1,0.997
1157,FALSE,0.08,1,rational,manual,0.01,1001,QV,0.5,-0.7,FALSE,100,0.99,0.997
24,FALSE,0.1,1,rational,manual,0.01,1001,QV,0.5,-0.7,FALSE,100,1,0.999
150,FALSE,0.1,1,rational,manual,0.01,1001,QV,0.5,-0.7,FALSE,100,1,0.999
276,FALSE,0.1,1,rational,manual,0.01,1001,QV,0.5,-0.7,FALSE,100,0.99,0.999
402,FALSE,0.1,1,rational,manual,0.01,1001,QV,0.5,-0.7,FALSE,100,1,0.999
528,FALSE,0.1,1,rational,manual,0.01,1001,QV,0.5,-0.7,FALSE,100,1,0.999
654,FALSE,0.1,1,rational,manual,0.01,1001,QV,0.5,-0.7,FALSE,100,1,0.999
780,FALSE,0.1,1,rational,manual,0.01,1001,QV,0.5,-0.7,FALSE,100,1,0.999
906,FALSE,0.1,1,rational,manual,0.01,1001,QV,0.5,-0.7,FALSE,100,1,0.999
1032,FALSE,0.1,1,rational,manual,0.01,1001,QV,0.5,-0.7,FALSE,100,1,0.999
1158,FALSE,0.1,1,rational,manual,0.01,1001,QV,0.5,-0.7,FALSE,100,1,0.999
25,FALSE,0,1,rational,manual,0.01,1001,QV,0.5,-0.6,FALSE,100,0.96,0.945
151,FALSE,0,1,rational,manual,0.01,1001,QV,0.5,-0.6,FALSE,100,0.92,0.945
277,FALSE,0,1,rational,manual,0.01,1001,QV,0.5,-0.6,FALSE,100,0.93,0.945
403,FALSE,0,1,rational,manual,0.01,1001,QV,0.5,-0.6,FALSE,100,0.93,0.945
529,FALSE,0,1,rational,manual,0.01,1001,QV,0.5,-0.6,FALSE,100,0.97,0.945
655,FALSE,0,1,rational,manual,0.01,1001,QV,0.5,-0.6,FALSE,100,0.94,0.945
781,FALSE,0,1,rational,manual,0.01,1001,QV,0.5,-0.6,FALSE,100,0.96,0.945
907,FALSE,0,1,rational,manual,0.01,1001,QV,0.5,-0.6,FALSE,100,0.96,0.945
1033,FALSE,0,1,rational,manual,0.01,1001,QV,0.5,-0.6,FALSE,100,0.92,0.945
1159,FALSE,0,1,rational,manual,0.01,1001,QV,0.5,-0.6,FALSE,100,0.96,0.945
26,FALSE,0.02,1,rational,manual,0.01,1001,QV,0.5,-0.6,FALSE,100,0.95,0.962
152,FALSE,0.02,1,rational,manual,0.01,1001,QV,0.5,-0.6,FALSE,100,0.94,0.962
278,FALSE,0.02,1,rational,manual,0.01,1001,QV,0.5,-0.6,FALSE,100,0.98,0.962
404,FALSE,0.02,1,rational,manual,0.01,1001,QV,0.5,-0.6,FALSE,100,0.97,0.962
530,FALSE,0.02,1,rational,manual,0.01,1001,QV,0.5,-0.6,FALSE,100,0.96,0.962
656,FALSE,0.02,1,rational,manual,0.01,1001,QV,0.5,-0.6,FALSE,100,0.96,0.962
782,FALSE,0.02,1,rational,manual,0.01,1001,QV,0.5,-0.6,FALSE,100,0.97,0.962
908,FALSE,0.02,1,rational,manual,0.01,1001,QV,0.5,-0.6,FALSE,100,0.96,0.962
1034,FALSE,0.02,1,rational,manual,0.01,1001,QV,0.5,-0.6,FALSE,100,0.95,0.962
1160,FALSE,0.02,1,rational,manual,0.01,1001,QV,0.5,-0.6,FALSE,100,0.98,0.962
27,FALSE,0.04,1,rational,manual,0.01,1001,QV,0.5,-0.6,FALSE,100,0.98,0.976
153,FALSE,0.04,1,rational,manual,0.01,1001,QV,0.5,-0.6,FALSE,100,0.99,0.976
279,FALSE,0.04,1,rational,manual,0.01,1001,QV,0.5,-0.6,FALSE,100,0.98,0.976
405,FALSE,0.04,1,rational,manual,0.01,1001,QV,0.5,-0.6,FALSE,100,0.99,0.976
531,FALSE,0.04,1,rational,manual,0.01,1001,QV,0.5,-0.6,FALSE,100,0.99,0.976
657,FALSE,0.04,1,rational,manual,0.01,1001,QV,0.5,-0.6,FALSE,100,0.98,0.976
783,FALSE,0.04,1,rational,manual,0.01,1001,QV,0.5,-0.6,FALSE,100,0.93,0.976
909,FALSE,0.04,1,rational,manual,0.01,1001,QV,0.5,-0.6,FALSE,100,0.98,0.976
1035,FALSE,0.04,1,rational,manual,0.01,1001,QV,0.5,-0.6,FALSE,100,0.98,0.976
1161,FALSE,0.04,1,rational,manual,0.01,1001,QV,0.5,-0.6,FALSE,100,0.96,0.976
28,FALSE,0.06,1,rational,manual,0.01,1001,QV,0.5,-0.6,FALSE,100,1,0.99
154,FALSE,0.06,1,rational,manual,0.01,1001,QV,0.5,-0.6,FALSE,100,0.99,0.99
280,FALSE,0.06,1,rational,manual,0.01,1001,QV,0.5,-0.6,FALSE,100,0.99,0.99
406,FALSE,0.06,1,rational,manual,0.01,1001,QV,0.5,-0.6,FALSE,100,1,0.99
532,FALSE,0.06,1,rational,manual,0.01,1001,QV,0.5,-0.6,FALSE,100,0.99,0.99
658,FALSE,0.06,1,rational,manual,0.01,1001,QV,0.5,-0.6,FALSE,100,0.97,0.99
784,FALSE,0.06,1,rational,manual,0.01,1001,QV,0.5,-0.6,FALSE,100,0.98,0.99
910,FALSE,0.06,1,rational,manual,0.01,1001,QV,0.5,-0.6,FALSE,100,0.99,0.99
1036,FALSE,0.06,1,rational,manual,0.01,1001,QV,0.5,-0.6,FALSE,100,0.99,0.99
1162,FALSE,0.06,1,rational,manual,0.01,1001,QV,0.5,-0.6,FALSE,100,1,0.99
29,FALSE,0.08,1,rational,manual,0.01,1001,QV,0.5,-0.6,FALSE,100,1,0.997
155,FALSE,0.08,1,rational,manual,0.01,1001,QV,0.5,-0.6,FALSE,100,0.99,0.997
281,FALSE,0.08,1,rational,manual,0.01,1001,QV,0.5,-0.6,FALSE,100,1,0.997
407,FALSE,0.08,1,rational,manual,0.01,1001,QV,0.5,-0.6,FALSE,100,1,0.997
533,FALSE,0.08,1,rational,manual,0.01,1001,QV,0.5,-0.6,FALSE,100,1,0.997
659,FALSE,0.08,1,rational,manual,0.01,1001,QV,0.5,-0.6,FALSE,100,1,0.997
785,FALSE,0.08,1,rational,manual,0.01,1001,QV,0.5,-0.6,FALSE,100,0.98,0.997
911,FALSE,0.08,1,rational,manual,0.01,1001,QV,0.5,-0.6,FALSE,100,1,0.997
1037,FALSE,0.08,1,rational,manual,0.01,1001,QV,0.5,-0.6,FALSE,100,1,0.997
1163,FALSE,0.08,1,rational,manual,0.01,1001,QV,0.5,-0.6,FALSE,100,1,0.997
30,FALSE,0.1,1,rational,manual,0.01,1001,QV,0.5,-0.6,FALSE,100,1,1
156,FALSE,0.1,1,rational,manual,0.01,1001,QV,0.5,-0.6,FALSE,100,1,1
282,FALSE,0.1,1,rational,manual,0.01,1001,QV,0.5,-0.6,FALSE,100,1,1
408,FALSE,0.1,1,rational,manual,0.01,1001,QV,0.5,-0.6,FALSE,100,1,1
534,FALSE,0.1,1,rational,manual,0.01,1001,QV,0.5,-0.6,FALSE,100,1,1
660,FALSE,0.1,1,rational,manual,0.01,1001,QV,0.5,-0.6,FALSE,100,1,1
786,FALSE,0.1,1,rational,manual,0.01,1001,QV,0.5,-0.6,FALSE,100,1,1
912,FALSE,0.1,1,rational,manual,0.01,1001,QV,0.5,-0.6,FALSE,100,1,1
1038,FALSE,0.1,1,rational,manual,0.01,1001,QV,0.5,-0.6,FALSE,100,1,1
1164,FALSE,0.1,1,rational,manual,0.01,1001,QV,0.5,-0.6,FALSE,100,1,1
31,FALSE,0,1,rational,manual,0.01,1001,QV,0.5,-0.5,FALSE,100,0.96,0.962
157,FALSE,0,1,rational,manual,0.01,1001,QV,0.5,-0.5,FALSE,100,0.96,0.962
283,FALSE,0,1,rational,manual,0.01,1001,QV,0.5,-0.5,FALSE,100,0.99,0.962
409,FALSE,0,1,rational,manual,0.01,1001,QV,0.5,-0.5,FALSE,100,0.95,0.962
535,FALSE,0,1,rational,manual,0.01,1001,QV,0.5,-0.5,FALSE,100,0.93,0.962
661,FALSE,0,1,rational,manual,0.01,1001,QV,0.5,-0.5,FALSE,100,0.97,0.962
787,FALSE,0,1,rational,manual,0.01,1001,QV,0.5,-0.5,FALSE,100,0.96,0.962
913,FALSE,0,1,rational,manual,0.01,1001,QV,0.5,-0.5,FALSE,100,0.96,0.962
1039,FALSE,0,1,rational,manual,0.01,1001,QV,0.5,-0.5,FALSE,100,0.98,0.962
1165,FALSE,0,1,rational,manual,0.01,1001,QV,0.5,-0.5,FALSE,100,0.96,0.962
32,FALSE,0.02,1,rational,manual,0.01,1001,QV,0.5,-0.5,FALSE,100,0.97,0.948
158,FALSE,0.02,1,rational,manual,0.01,1001,QV,0.5,-0.5,FALSE,100,0.92,0.948
284,FALSE,0.02,1,rational,manual,0.01,1001,QV,0.5,-0.5,FALSE,100,0.92,0.948
410,FALSE,0.02,1,rational,manual,0.01,1001,QV,0.5,-0.5,FALSE,100,0.94,0.948
536,FALSE,0.02,1,rational,manual,0.01,1001,QV,0.5,-0.5,FALSE,100,0.97,0.948
662,FALSE,0.02,1,rational,manual,0.01,1001,QV,0.5,-0.5,FALSE,100,0.96,0.948
788,FALSE,0.02,1,rational,manual,0.01,1001,QV,0.5,-0.5,FALSE,100,0.94,0.948
914,FALSE,0.02,1,rational,manual,0.01,1001,QV,0.5,-0.5,FALSE,100,0.95,0.948
1040,FALSE,0.02,1,rational,manual,0.01,1001,QV,0.5,-0.5,FALSE,100,0.97,0.948
1166,FALSE,0.02,1,rational,manual,0.01,1001,QV,0.5,-0.5,FALSE,100,0.94,0.948
33,FALSE,0.04,1,rational,manual,0.01,1001,QV,0.5,-0.5,FALSE,100,0.96,0.972
159,FALSE,0.04,1,rational,manual,0.01,1001,QV,0.5,-0.5,FALSE,100,0.94,0.972
285,FALSE,0.04,1,rational,manual,0.01,1001,QV,0.5,-0.5,FALSE,100,0.97,0.972
411,FALSE,0.04,1,rational,manual,0.01,1001,QV,0.5,-0.5,FALSE,100,0.96,0.972
537,FALSE,0.04,1,rational,manual,0.01,1001,QV,0.5,-0.5,FALSE,100,0.98,0.972
663,FALSE,0.04,1,rational,manual,0.01,1001,QV,0.5,-0.5,FALSE,100,1,0.972
789,FALSE,0.04,1,rational,manual,0.01,1001,QV,0.5,-0.5,FALSE,100,0.98,0.972
915,FALSE,0.04,1,rational,manual,0.01,1001,QV,0.5,-0.5,FALSE,100,0.96,0.972
1041,FALSE,0.04,1,rational,manual,0.01,1001,QV,0.5,-0.5,FALSE,100,0.99,0.972
1167,FALSE,0.04,1,rational,manual,0.01,1001,QV,0.5,-0.5,FALSE,100,0.98,0.972
34,FALSE,0.06,1,rational,manual,0.01,1001,QV,0.5,-0.5,FALSE,100,0.99,0.986
160,FALSE,0.06,1,rational,manual,0.01,1001,QV,0.5,-0.5,FALSE,100,0.96,0.986
286,FALSE,0.06,1,rational,manual,0.01,1001,QV,0.5,-0.5,FALSE,100,1,0.986
412,FALSE,0.06,1,rational,manual,0.01,1001,QV,0.5,-0.5,FALSE,100,1,0.986
538,FALSE,0.06,1,rational,manual,0.01,1001,QV,0.5,-0.5,FALSE,100,0.98,0.986
664,FALSE,0.06,1,rational,manual,0.01,1001,QV,0.5,-0.5,FALSE,100,0.99,0.986
790,FALSE,0.06,1,rational,manual,0.01,1001,QV,0.5,-0.5,FALSE,100,0.98,0.986
916,FALSE,0.06,1,rational,manual,0.01,1001,QV,0.5,-0.5,FALSE,100,0.98,0.986
1042,FALSE,0.06,1,rational,manual,0.01,1001,QV,0.5,-0.5,FALSE,100,0.99,0.986
1168,FALSE,0.06,1,rational,manual,0.01,1001,QV,0.5,-0.5,FALSE,100,0.99,0.986
35,FALSE,0.08,1,rational,manual,0.01,1001,QV,0.5,-0.5,FALSE,100,1,0.999
161,FALSE,0.08,1,rational,manual,0.01,1001,QV,0.5,-0.5,FALSE,100,1,0.999
287,FALSE,0.08,1,rational,manual,0.01,1001,QV,0.5,-0.5,FALSE,100,1,0.999
413,FALSE,0.08,1,rational,manual,0.01,1001,QV,0.5,-0.5,FALSE,100,1,0.999
539,FALSE,0.08,1,rational,manual,0.01,1001,QV,0.5,-0.5,FALSE,100,1,0.999
665,FALSE,0.08,1,rational,manual,0.01,1001,QV,0.5,-0.5,FALSE,100,1,0.999
791,FALSE,0.08,1,rational,manual,0.01,1001,QV,0.5,-0.5,FALSE,100,1,0.999
917,FALSE,0.08,1,rational,manual,0.01,1001,QV,0.5,-0.5,FALSE,100,0.99,0.999
1043,FALSE,0.08,1,rational,manual,0.01,1001,QV,0.5,-0.5,FALSE,100,1,0.999
1169,FALSE,0.08,1,rational,manual,0.01,1001,QV,0.5,-0.5,FALSE,100,1,0.999
36,FALSE,0.1,1,rational,manual,0.01,1001,QV,0.5,-0.5,FALSE,100,1,1
162,FALSE,0.1,1,rational,manual,0.01,1001,QV,0.5,-0.5,FALSE,100,1,1
288,FALSE,0.1,1,rational,manual,0.01,1001,QV,0.5,-0.5,FALSE,100,1,1
414,FALSE,0.1,1,rational,manual,0.01,1001,QV,0.5,-0.5,FALSE,100,1,1
540,FALSE,0.1,1,rational,manual,0.01,1001,QV,0.5,-0.5,FALSE,100,1,1
666,FALSE,0.1,1,rational,manual,0.01,1001,QV,0.5,-0.5,FALSE,100,1,1
792,FALSE,0.1,1,rational,manual,0.01,1001,QV,0.5,-0.5,FALSE,100,1,1
918,FALSE,0.1,1,rational,manual,0.01,1001,QV,0.5,-0.5,FALSE,100,1,1
1044,FALSE,0.1,1,rational,manual,0.01,1001,QV,0.5,-0.5,FALSE,100,1,1
1170,FALSE,0.1,1,rational,manual,0.01,1001,QV,0.5,-0.5,FALSE,100,1,1
37,FALSE,0,1,rational,manual,0.01,1001,QV,0.5,-0.4,FALSE,100,0.97,0.953
163,FALSE,0,1,rational,manual,0.01,1001,QV,0.5,-0.4,FALSE,100,0.95,0.953
289,FALSE,0,1,rational,manual,0.01,1001,QV,0.5,-0.4,FALSE,100,0.97,0.953
415,FALSE,0,1,rational,manual,0.01,1001,QV,0.5,-0.4,FALSE,100,0.97,0.953
541,FALSE,0,1,rational,manual,0.01,1001,QV,0.5,-0.4,FALSE,100,0.96,0.953
667,FALSE,0,1,rational,manual,0.01,1001,QV,0.5,-0.4,FALSE,100,0.91,0.953
793,FALSE,0,1,rational,manual,0.01,1001,QV,0.5,-0.4,FALSE,100,0.95,0.953
919,FALSE,0,1,rational,manual,0.01,1001,QV,0.5,-0.4,FALSE,100,0.93,0.953
1045,FALSE,0,1,rational,manual,0.01,1001,QV,0.5,-0.4,FALSE,100,0.98,0.953
1171,FALSE,0,1,rational,manual,0.01,1001,QV,0.5,-0.4,FALSE,100,0.94,0.953
38,FALSE,0.02,1,rational,manual,0.01,1001,QV,0.5,-0.4,FALSE,100,0.94,0.953
164,FALSE,0.02,1,rational,manual,0.01,1001,QV,0.5,-0.4,FALSE,100,0.92,0.953
290,FALSE,0.02,1,rational,manual,0.01,1001,QV,0.5,-0.4,FALSE,100,0.95,0.953
416,FALSE,0.02,1,rational,manual,0.01,1001,QV,0.5,-0.4,FALSE,100,0.94,0.953
542,FALSE,0.02,1,rational,manual,0.01,1001,QV,0.5,-0.4,FALSE,100,0.98,0.953
668,FALSE,0.02,1,rational,manual,0.01,1001,QV,0.5,-0.4,FALSE,100,0.96,0.953
794,FALSE,0.02,1,rational,manual,0.01,1001,QV,0.5,-0.4,FALSE,100,0.96,0.953
920,FALSE,0.02,1,rational,manual,0.01,1001,QV,0.5,-0.4,FALSE,100,0.96,0.953
1046,FALSE,0.02,1,rational,manual,0.01,1001,QV,0.5,-0.4,FALSE,100,0.97,0.953
1172,FALSE,0.02,1,rational,manual,0.01,1001,QV,0.5,-0.4,FALSE,100,0.95,0.953
39,FALSE,0.04,1,rational,manual,0.01,1001,QV,0.5,-0.4,FALSE,100,0.96,0.97
165,FALSE,0.04,1,rational,manual,0.01,1001,QV,0.5,-0.4,FALSE,100,0.97,0.97
291,FALSE,0.04,1,rational,manual,0.01,1001,QV,0.5,-0.4,FALSE,100,0.98,0.97
417,FALSE,0.04,1,rational,manual,0.01,1001,QV,0.5,-0.4,FALSE,100,0.97,0.97
543,FALSE,0.04,1,rational,manual,0.01,1001,QV,0.5,-0.4,FALSE,100,0.99,0.97
669,FALSE,0.04,1,rational,manual,0.01,1001,QV,0.5,-0.4,FALSE,100,0.98,0.97
795,FALSE,0.04,1,rational,manual,0.01,1001,QV,0.5,-0.4,FALSE,100,1,0.97
921,FALSE,0.04,1,rational,manual,0.01,1001,QV,0.5,-0.4,FALSE,100,0.96,0.97
1047,FALSE,0.04,1,rational,manual,0.01,1001,QV,0.5,-0.4,FALSE,100,0.94,0.97
1173,FALSE,0.04,1,rational,manual,0.01,1001,QV,0.5,-0.4,FALSE,100,0.95,0.97
40,FALSE,0.06,1,rational,manual,0.01,1001,QV,0.5,-0.4,FALSE,100,0.99,0.992
166,FALSE,0.06,1,rational,manual,0.01,1001,QV,0.5,-0.4,FALSE,100,1,0.992
292,FALSE,0.06,1,rational,manual,0.01,1001,QV,0.5,-0.4,FALSE,100,1,0.992
418,FALSE,0.06,1,rational,manual,0.01,1001,QV,0.5,-0.4,FALSE,100,0.98,0.992
544,FALSE,0.06,1,rational,manual,0.01,1001,QV,0.5,-0.4,FALSE,100,0.99,0.992
670,FALSE,0.06,1,rational,manual,0.01,1001,QV,0.5,-0.4,FALSE,100,0.97,0.992
796,FALSE,0.06,1,rational,manual,0.01,1001,QV,0.5,-0.4,FALSE,100,1,0.992
922,FALSE,0.06,1,rational,manual,0.01,1001,QV,0.5,-0.4,FALSE,100,1,0.992
1048,FALSE,0.06,1,rational,manual,0.01,1001,QV,0.5,-0.4,FALSE,100,1,0.992
1174,FALSE,0.06,1,rational,manual,0.01,1001,QV,0.5,-0.4,FALSE,100,0.99,0.992
41,FALSE,0.08,1,rational,manual,0.01,1001,QV,0.5,-0.4,FALSE,100,1,0.999
167,FALSE,0.08,1,rational,manual,0.01,1001,QV,0.5,-0.4,FALSE,100,1,0.999
293,FALSE,0.08,1,rational,manual,0.01,1001,QV,0.5,-0.4,FALSE,100,0.99,0.999
419,FALSE,0.08,1,rational,manual,0.01,1001,QV,0.5,-0.4,FALSE,100,1,0.999
545,FALSE,0.08,1,rational,manual,0.01,1001,QV,0.5,-0.4,FALSE,100,1,0.999
671,FALSE,0.08,1,rational,manual,0.01,1001,QV,0.5,-0.4,FALSE,100,1,0.999
797,FALSE,0.08,1,rational,manual,0.01,1001,QV,0.5,-0.4,FALSE,100,1,0.999
923,FALSE,0.08,1,rational,manual,0.01,1001,QV,0.5,-0.4,FALSE,100,1,0.999
1049,FALSE,0.08,1,rational,manual,0.01,1001,QV,0.5,-0.4,FALSE,100,1,0.999
1175,FALSE,0.08,1,rational,manual,0.01,1001,QV,0.5,-0.4,FALSE,100,1,0.999
42,FALSE,0.1,1,rational,manual,0.01,1001,QV,0.5,-0.4,FALSE,100,1,0.999
168,FALSE,0.1,1,rational,manual,0.01,1001,QV,0.5,-0.4,FALSE,100,1,0.999
294,FALSE,0.1,1,rational,manual,0.01,1001,QV,0.5,-0.4,FALSE,100,1,0.999
420,FALSE,0.1,1,rational,manual,0.01,1001,QV,0.5,-0.4,FALSE,100,1,0.999
546,FALSE,0.1,1,rational,manual,0.01,1001,QV,0.5,-0.4,FALSE,100,0.99,0.999
672,FALSE,0.1,1,rational,manual,0.01,1001,QV,0.5,-0.4,FALSE,100,1,0.999
798,FALSE,0.1,1,rational,manual,0.01,1001,QV,0.5,-0.4,FALSE,100,1,0.999
924,FALSE,0.1,1,rational,manual,0.01,1001,QV,0.5,-0.4,FALSE,100,1,0.999
1050,FALSE,0.1,1,rational,manual,0.01,1001,QV,0.5,-0.4,FALSE,100,1,0.999
1176,FALSE,0.1,1,rational,manual,0.01,1001,QV,0.5,-0.4,FALSE,100,1,0.999
43,FALSE,0,1,rational,manual,0.01,1001,QV,0.5,-0.3,FALSE,100,0.94,0.938
169,FALSE,0,1,rational,manual,0.01,1001,QV,0.5,-0.3,FALSE,100,0.93,0.938
295,FALSE,0,1,rational,manual,0.01,1001,QV,0.5,-0.3,FALSE,100,0.93,0.938
421,FALSE,0,1,rational,manual,0.01,1001,QV,0.5,-0.3,FALSE,100,0.96,0.938
547,FALSE,0,1,rational,manual,0.01,1001,QV,0.5,-0.3,FALSE,100,0.95,0.938
673,FALSE,0,1,rational,manual,0.01,1001,QV,0.5,-0.3,FALSE,100,0.9,0.938
799,FALSE,0,1,rational,manual,0.01,1001,QV,0.5,-0.3,FALSE,100,0.95,0.938
925,FALSE,0,1,rational,manual,0.01,1001,QV,0.5,-0.3,FALSE,100,0.94,0.938
1051,FALSE,0,1,rational,manual,0.01,1001,QV,0.5,-0.3,FALSE,100,0.94,0.938
1177,FALSE,0,1,rational,manual,0.01,1001,QV,0.5,-0.3,FALSE,100,0.94,0.938
44,FALSE,0.02,1,rational,manual,0.01,1001,QV,0.5,-0.3,FALSE,100,0.97,0.964
170,FALSE,0.02,1,rational,manual,0.01,1001,QV,0.5,-0.3,FALSE,100,0.97,0.964
296,FALSE,0.02,1,rational,manual,0.01,1001,QV,0.5,-0.3,FALSE,100,0.96,0.964
422,FALSE,0.02,1,rational,manual,0.01,1001,QV,0.5,-0.3,FALSE,100,0.95,0.964
548,FALSE,0.02,1,rational,manual,0.01,1001,QV,0.5,-0.3,FALSE,100,0.99,0.964
674,FALSE,0.02,1,rational,manual,0.01,1001,QV,0.5,-0.3,FALSE,100,0.96,0.964
800,FALSE,0.02,1,rational,manual,0.01,1001,QV,0.5,-0.3,FALSE,100,0.98,0.964
926,FALSE,0.02,1,rational,manual,0.01,1001,QV,0.5,-0.3,FALSE,100,0.97,0.964
1052,FALSE,0.02,1,rational,manual,0.01,1001,QV,0.5,-0.3,FALSE,100,0.91,0.964
1178,FALSE,0.02,1,rational,manual,0.01,1001,QV,0.5,-0.3,FALSE,100,0.98,0.964
45,FALSE,0.04,1,rational,manual,0.01,1001,QV,0.5,-0.3,FALSE,100,0.99,0.973
171,FALSE,0.04,1,rational,manual,0.01,1001,QV,0.5,-0.3,FALSE,100,0.98,0.973
297,FALSE,0.04,1,rational,manual,0.01,1001,QV,0.5,-0.3,FALSE,100,0.96,0.973
423,FALSE,0.04,1,rational,manual,0.01,1001,QV,0.5,-0.3,FALSE,100,0.98,0.973
549,FALSE,0.04,1,rational,manual,0.01,1001,QV,0.5,-0.3,FALSE,100,0.95,0.973
675,FALSE,0.04,1,rational,manual,0.01,1001,QV,0.5,-0.3,FALSE,100,0.99,0.973
801,FALSE,0.04,1,rational,manual,0.01,1001,QV,0.5,-0.3,FALSE,100,0.96,0.973
927,FALSE,0.04,1,rational,manual,0.01,1001,QV,0.5,-0.3,FALSE,100,0.99,0.973
1053,FALSE,0.04,1,rational,manual,0.01,1001,QV,0.5,-0.3,FALSE,100,0.99,0.973
1179,FALSE,0.04,1,rational,manual,0.01,1001,QV,0.5,-0.3,FALSE,100,0.94,0.973
46,FALSE,0.06,1,rational,manual,0.01,1001,QV,0.5,-0.3,FALSE,100,1,0.993
172,FALSE,0.06,1,rational,manual,0.01,1001,QV,0.5,-0.3,FALSE,100,1,0.993
298,FALSE,0.06,1,rational,manual,0.01,1001,QV,0.5,-0.3,FALSE,100,0.99,0.993
424,FALSE,0.06,1,rational,manual,0.01,1001,QV,0.5,-0.3,FALSE,100,1,0.993
550,FALSE,0.06,1,rational,manual,0.01,1001,QV,0.5,-0.3,FALSE,100,0.99,0.993
676,FALSE,0.06,1,rational,manual,0.01,1001,QV,0.5,-0.3,FALSE,100,1,0.993
802,FALSE,0.06,1,rational,manual,0.01,1001,QV,0.5,-0.3,FALSE,100,0.98,0.993
928,FALSE,0.06,1,rational,manual,0.01,1001,QV,0.5,-0.3,FALSE,100,0.97,0.993
1054,FALSE,0.06,1,rational,manual,0.01,1001,QV,0.5,-0.3,FALSE,100,1,0.993
1180,FALSE,0.06,1,rational,manual,0.01,1001,QV,0.5,-0.3,FALSE,100,1,0.993
47,FALSE,0.08,1,rational,manual,0.01,1001,QV,0.5,-0.3,FALSE,100,1,0.999
173,FALSE,0.08,1,rational,manual,0.01,1001,QV,0.5,-0.3,FALSE,100,1,0.999
299,FALSE,0.08,1,rational,manual,0.01,1001,QV,0.5,-0.3,FALSE,100,1,0.999
425,FALSE,0.08,1,rational,manual,0.01,1001,QV,0.5,-0.3,FALSE,100,0.99,0.999
551,FALSE,0.08,1,rational,manual,0.01,1001,QV,0.5,-0.3,FALSE,100,1,0.999
677,FALSE,0.08,1,rational,manual,0.01,1001,QV,0.5,-0.3,FALSE,100,1,0.999
803,FALSE,0.08,1,rational,manual,0.01,1001,QV,0.5,-0.3,FALSE,100,1,0.999
929,FALSE,0.08,1,rational,manual,0.01,1001,QV,0.5,-0.3,FALSE,100,1,0.999
1055,FALSE,0.08,1,rational,manual,0.01,1001,QV,0.5,-0.3,FALSE,100,1,0.999
1181,FALSE,0.08,1,rational,manual,0.01,1001,QV,0.5,-0.3,FALSE,100,1,0.999
48,FALSE,0.1,1,rational,manual,0.01,1001,QV,0.5,-0.3,FALSE,100,1,1
174,FALSE,0.1,1,rational,manual,0.01,1001,QV,0.5,-0.3,FALSE,100,1,1
300,FALSE,0.1,1,rational,manual,0.01,1001,QV,0.5,-0.3,FALSE,100,1,1
426,FALSE,0.1,1,rational,manual,0.01,1001,QV,0.5,-0.3,FALSE,100,1,1
552,FALSE,0.1,1,rational,manual,0.01,1001,QV,0.5,-0.3,FALSE,100,1,1
678,FALSE,0.1,1,rational,manual,0.01,1001,QV,0.5,-0.3,FALSE,100,1,1
804,FALSE,0.1,1,rational,manual,0.01,1001,QV,0.5,-0.3,FALSE,100,1,1
930,FALSE,0.1,1,rational,manual,0.01,1001,QV,0.5,-0.3,FALSE,100,1,1
1056,FALSE,0.1,1,rational,manual,0.01,1001,QV,0.5,-0.3,FALSE,100,1,1
1182,FALSE,0.1,1,rational,manual,0.01,1001,QV,0.5,-0.3,FALSE,100,1,1
49,FALSE,0,1,rational,manual,0.01,1001,QV,0.5,-0.2,FALSE,100,0.91,0.934
175,FALSE,0,1,rational,manual,0.01,1001,QV,0.5,-0.2,FALSE,100,0.9,0.934
301,FALSE,0,1,rational,manual,0.01,1001,QV,0.5,-0.2,FALSE,100,0.96,0.934
427,FALSE,0,1,rational,manual,0.01,1001,QV,0.5,-0.2,FALSE,100,0.96,0.934
553,FALSE,0,1,rational,manual,0.01,1001,QV,0.5,-0.2,FALSE,100,0.92,0.934
679,FALSE,0,1,rational,manual,0.01,1001,QV,0.5,-0.2,FALSE,100,0.93,0.934
805,FALSE,0,1,rational,manual,0.01,1001,QV,0.5,-0.2,FALSE,100,0.94,0.934
931,FALSE,0,1,rational,manual,0.01,1001,QV,0.5,-0.2,FALSE,100,0.97,0.934
1057,FALSE,0,1,rational,manual,0.01,1001,QV,0.5,-0.2,FALSE,100,0.91,0.934
1183,FALSE,0,1,rational,manual,0.01,1001,QV,0.5,-0.2,FALSE,100,0.94,0.934
50,FALSE,0.02,1,rational,manual,0.01,1001,QV,0.5,-0.2,FALSE,100,0.91,0.948
176,FALSE,0.02,1,rational,manual,0.01,1001,QV,0.5,-0.2,FALSE,100,0.95,0.948
302,FALSE,0.02,1,rational,manual,0.01,1001,QV,0.5,-0.2,FALSE,100,0.92,0.948
428,FALSE,0.02,1,rational,manual,0.01,1001,QV,0.5,-0.2,FALSE,100,0.96,0.948
554,FALSE,0.02,1,rational,manual,0.01,1001,QV,0.5,-0.2,FALSE,100,0.93,0.948
680,FALSE,0.02,1,rational,manual,0.01,1001,QV,0.5,-0.2,FALSE,100,0.95,0.948
806,FALSE,0.02,1,rational,manual,0.01,1001,QV,0.5,-0.2,FALSE,100,0.91,0.948
932,FALSE,0.02,1,rational,manual,0.01,1001,QV,0.5,-0.2,FALSE,100,1,0.948
1058,FALSE,0.02,1,rational,manual,0.01,1001,QV,0.5,-0.2,FALSE,100,0.97,0.948
1184,FALSE,0.02,1,rational,manual,0.01,1001,QV,0.5,-0.2,FALSE,100,0.98,0.948
51,FALSE,0.04,1,rational,manual,0.01,1001,QV,0.5,-0.2,FALSE,100,0.97,0.973
177,FALSE,0.04,1,rational,manual,0.01,1001,QV,0.5,-0.2,FALSE,100,0.98,0.973
303,FALSE,0.04,1,rational,manual,0.01,1001,QV,0.5,-0.2,FALSE,100,0.97,0.973
429,FALSE,0.04,1,rational,manual,0.01,1001,QV,0.5,-0.2,FALSE,100,0.95,0.973
555,FALSE,0.04,1,rational,manual,0.01,1001,QV,0.5,-0.2,FALSE,100,0.94,0.973
681,FALSE,0.04,1,rational,manual,0.01,1001,QV,0.5,-0.2,FALSE,100,1,0.973
807,FALSE,0.04,1,rational,manual,0.01,1001,QV,0.5,-0.2,FALSE,100,0.98,0.973
933,FALSE,0.04,1,rational,manual,0.01,1001,QV,0.5,-0.2,FALSE,100,0.97,0.973
1059,FALSE,0.04,1,rational,manual,0.01,1001,QV,0.5,-0.2,FALSE,100,0.99,0.973
1185,FALSE,0.04,1,rational,manual,0.01,1001,QV,0.5,-0.2,FALSE,100,0.98,0.973
52,FALSE,0.06,1,rational,manual,0.01,1001,QV,0.5,-0.2,FALSE,100,0.99,0.986
178,FALSE,0.06,1,rational,manual,0.01,1001,QV,0.5,-0.2,FALSE,100,0.98,0.986
304,FALSE,0.06,1,rational,manual,0.01,1001,QV,0.5,-0.2,FALSE,100,0.99,0.986
430,FALSE,0.06,1,rational,manual,0.01,1001,QV,0.5,-0.2,FALSE,100,0.98,0.986
556,FALSE,0.06,1,rational,manual,0.01,1001,QV,0.5,-0.2,FALSE,100,0.98,0.986
682,FALSE,0.06,1,rational,manual,0.01,1001,QV,0.5,-0.2,FALSE,100,0.99,0.986
808,FALSE,0.06,1,rational,manual,0.01,1001,QV,0.5,-0.2,FALSE,100,0.99,0.986
934,FALSE,0.06,1,rational,manual,0.01,1001,QV,0.5,-0.2,FALSE,100,0.98,0.986
1060,FALSE,0.06,1,rational,manual,0.01,1001,QV,0.5,-0.2,FALSE,100,1,0.986
1186,FALSE,0.06,1,rational,manual,0.01,1001,QV,0.5,-0.2,FALSE,100,0.98,0.986
53,FALSE,0.08,1,rational,manual,0.01,1001,QV,0.5,-0.2,FALSE,100,1,1
179,FALSE,0.08,1,rational,manual,0.01,1001,QV,0.5,-0.2,FALSE,100,1,1
305,FALSE,0.08,1,rational,manual,0.01,1001,QV,0.5,-0.2,FALSE,100,1,1
431,FALSE,0.08,1,rational,manual,0.01,1001,QV,0.5,-0.2,FALSE,100,1,1
557,FALSE,0.08,1,rational,manual,0.01,1001,QV,0.5,-0.2,FALSE,100,1,1
683,FALSE,0.08,1,rational,manual,0.01,1001,QV,0.5,-0.2,FALSE,100,1,1
809,FALSE,0.08,1,rational,manual,0.01,1001,QV,0.5,-0.2,FALSE,100,1,1
935,FALSE,0.08,1,rational,manual,0.01,1001,QV,0.5,-0.2,FALSE,100,1,1
1061,FALSE,0.08,1,rational,manual,0.01,1001,QV,0.5,-0.2,FALSE,100,1,1
1187,FALSE,0.08,1,rational,manual,0.01,1001,QV,0.5,-0.2,FALSE,100,1,1
54,FALSE,0.1,1,rational,manual,0.01,1001,QV,0.5,-0.2,FALSE,100,1,1
180,FALSE,0.1,1,rational,manual,0.01,1001,QV,0.5,-0.2,FALSE,100,1,1
306,FALSE,0.1,1,rational,manual,0.01,1001,QV,0.5,-0.2,FALSE,100,1,1
432,FALSE,0.1,1,rational,manual,0.01,1001,QV,0.5,-0.2,FALSE,100,1,1
558,FALSE,0.1,1,rational,manual,0.01,1001,QV,0.5,-0.2,FALSE,100,1,1
684,FALSE,0.1,1,rational,manual,0.01,1001,QV,0.5,-0.2,FALSE,100,1,1
810,FALSE,0.1,1,rational,manual,0.01,1001,QV,0.5,-0.2,FALSE,100,1,1
936,FALSE,0.1,1,rational,manual,0.01,1001,QV,0.5,-0.2,FALSE,100,1,1
1062,FALSE,0.1,1,rational,manual,0.01,1001,QV,0.5,-0.2,FALSE,100,1,1
1188,FALSE,0.1,1,rational,manual,0.01,1001,QV,0.5,-0.2,FALSE,100,1,1
55,FALSE,0,1,rational,manual,0.01,1001,QV,0.5,-0.1,FALSE,100,0.94,0.941
181,FALSE,0,1,rational,manual,0.01,1001,QV,0.5,-0.1,FALSE,100,0.97,0.941
307,FALSE,0,1,rational,manual,0.01,1001,QV,0.5,-0.1,FALSE,100,0.93,0.941
433,FALSE,0,1,rational,manual,0.01,1001,QV,0.5,-0.1,FALSE,100,0.97,0.941
559,FALSE,0,1,rational,manual,0.01,1001,QV,0.5,-0.1,FALSE,100,0.97,0.941
685,FALSE,0,1,rational,manual,0.01,1001,QV,0.5,-0.1,FALSE,100,0.91,0.941
811,FALSE,0,1,rational,manual,0.01,1001,QV,0.5,-0.1,FALSE,100,0.91,0.941
937,FALSE,0,1,rational,manual,0.01,1001,QV,0.5,-0.1,FALSE,100,0.95,0.941
1063,FALSE,0,1,rational,manual,0.01,1001,QV,0.5,-0.1,FALSE,100,0.93,0.941
1189,FALSE,0,1,rational,manual,0.01,1001,QV,0.5,-0.1,FALSE,100,0.93,0.941
56,FALSE,0.02,1,rational,manual,0.01,1001,QV,0.5,-0.1,FALSE,100,0.96,0.95
182,FALSE,0.02,1,rational,manual,0.01,1001,QV,0.5,-0.1,FALSE,100,0.98,0.95
308,FALSE,0.02,1,rational,manual,0.01,1001,QV,0.5,-0.1,FALSE,100,0.97,0.95
434,FALSE,0.02,1,rational,manual,0.01,1001,QV,0.5,-0.1,FALSE,100,0.94,0.95
560,FALSE,0.02,1,rational,manual,0.01,1001,QV,0.5,-0.1,FALSE,100,0.94,0.95
686,FALSE,0.02,1,rational,manual,0.01,1001,QV,0.5,-0.1,FALSE,100,0.95,0.95
812,FALSE,0.02,1,rational,manual,0.01,1001,QV,0.5,-0.1,FALSE,100,0.95,0.95
938,FALSE,0.02,1,rational,manual,0.01,1001,QV,0.5,-0.1,FALSE,100,0.9,0.95
1064,FALSE,0.02,1,rational,manual,0.01,1001,QV,0.5,-0.1,FALSE,100,0.95,0.95
1190,FALSE,0.02,1,rational,manual,0.01,1001,QV,0.5,-0.1,FALSE,100,0.96,0.95
57,FALSE,0.04,1,rational,manual,0.01,1001,QV,0.5,-0.1,FALSE,100,0.98,0.973
183,FALSE,0.04,1,rational,manual,0.01,1001,QV,0.5,-0.1,FALSE,100,0.97,0.973
309,FALSE,0.04,1,rational,manual,0.01,1001,QV,0.5,-0.1,FALSE,100,0.97,0.973
435,FALSE,0.04,1,rational,manual,0.01,1001,QV,0.5,-0.1,FALSE,100,0.97,0.973
561,FALSE,0.04,1,rational,manual,0.01,1001,QV,0.5,-0.1,FALSE,100,0.96,0.973
687,FALSE,0.04,1,rational,manual,0.01,1001,QV,0.5,-0.1,FALSE,100,0.98,0.973
813,FALSE,0.04,1,rational,manual,0.01,1001,QV,0.5,-0.1,FALSE,100,0.99,0.973
939,FALSE,0.04,1,rational,manual,0.01,1001,QV,0.5,-0.1,FALSE,100,0.95,0.973
1065,FALSE,0.04,1,rational,manual,0.01,1001,QV,0.5,-0.1,FALSE,100,0.98,0.973
1191,FALSE,0.04,1,rational,manual,0.01,1001,QV,0.5,-0.1,FALSE,100,0.98,0.973
58,FALSE,0.06,1,rational,manual,0.01,1001,QV,0.5,-0.1,FALSE,100,0.97,0.989
184,FALSE,0.06,1,rational,manual,0.01,1001,QV,0.5,-0.1,FALSE,100,1,0.989
310,FALSE,0.06,1,rational,manual,0.01,1001,QV,0.5,-0.1,FALSE,100,0.99,0.989
436,FALSE,0.06,1,rational,manual,0.01,1001,QV,0.5,-0.1,FALSE,100,1,0.989
562,FALSE,0.06,1,rational,manual,0.01,1001,QV,0.5,-0.1,FALSE,100,0.98,0.989
688,FALSE,0.06,1,rational,manual,0.01,1001,QV,0.5,-0.1,FALSE,100,0.97,0.989
814,FALSE,0.06,1,rational,manual,0.01,1001,QV,0.5,-0.1,FALSE,100,1,0.989
940,FALSE,0.06,1,rational,manual,0.01,1001,QV,0.5,-0.1,FALSE,100,1,0.989
1066,FALSE,0.06,1,rational,manual,0.01,1001,QV,0.5,-0.1,FALSE,100,0.98,0.989
1192,FALSE,0.06,1,rational,manual,0.01,1001,QV,0.5,-0.1,FALSE,100,1,0.989
59,FALSE,0.08,1,rational,manual,0.01,1001,QV,0.5,-0.1,FALSE,100,1,0.999
185,FALSE,0.08,1,rational,manual,0.01,1001,QV,0.5,-0.1,FALSE,100,0.99,0.999
311,FALSE,0.08,1,rational,manual,0.01,1001,QV,0.5,-0.1,FALSE,100,1,0.999
437,FALSE,0.08,1,rational,manual,0.01,1001,QV,0.5,-0.1,FALSE,100,1,0.999
563,FALSE,0.08,1,rational,manual,0.01,1001,QV,0.5,-0.1,FALSE,100,1,0.999
689,FALSE,0.08,1,rational,manual,0.01,1001,QV,0.5,-0.1,FALSE,100,1,0.999
815,FALSE,0.08,1,rational,manual,0.01,1001,QV,0.5,-0.1,FALSE,100,1,0.999
941,FALSE,0.08,1,rational,manual,0.01,1001,QV,0.5,-0.1,FALSE,100,1,0.999
1067,FALSE,0.08,1,rational,manual,0.01,1001,QV,0.5,-0.1,FALSE,100,1,0.999
1193,FALSE,0.08,1,rational,manual,0.01,1001,QV,0.5,-0.1,FALSE,100,1,0.999
60,FALSE,0.1,1,rational,manual,0.01,1001,QV,0.5,-0.1,FALSE,100,1,1
186,FALSE,0.1,1,rational,manual,0.01,1001,QV,0.5,-0.1,FALSE,100,1,1
312,FALSE,0.1,1,rational,manual,0.01,1001,QV,0.5,-0.1,FALSE,100,1,1
438,FALSE,0.1,1,rational,manual,0.01,1001,QV,0.5,-0.1,FALSE,100,1,1
564,FALSE,0.1,1,rational,manual,0.01,1001,QV,0.5,-0.1,FALSE,100,1,1
690,FALSE,0.1,1,rational,manual,0.01,1001,QV,0.5,-0.1,FALSE,100,1,1
816,FALSE,0.1,1,rational,manual,0.01,1001,QV,0.5,-0.1,FALSE,100,1,1
942,FALSE,0.1,1,rational,manual,0.01,1001,QV,0.5,-0.1,FALSE,100,1,1
1068,FALSE,0.1,1,rational,manual,0.01,1001,QV,0.5,-0.1,FALSE,100,1,1
1194,FALSE,0.1,1,rational,manual,0.01,1001,QV,0.5,-0.1,FALSE,100,1,1
61,FALSE,0,1,rational,manual,0.01,1001,QV,0.5,0,FALSE,100,0.96,0.942
187,FALSE,0,1,rational,manual,0.01,1001,QV,0.5,0,FALSE,100,0.94,0.942
313,FALSE,0,1,rational,manual,0.01,1001,QV,0.5,0,FALSE,100,0.91,0.942
439,FALSE,0,1,rational,manual,0.01,1001,QV,0.5,0,FALSE,100,0.94,0.942
565,FALSE,0,1,rational,manual,0.01,1001,QV,0.5,0,FALSE,100,0.91,0.942
691,FALSE,0,1,rational,manual,0.01,1001,QV,0.5,0,FALSE,100,0.96,0.942
817,FALSE,0,1,rational,manual,0.01,1001,QV,0.5,0,FALSE,100,0.96,0.942
943,FALSE,0,1,rational,manual,0.01,1001,QV,0.5,0,FALSE,100,0.93,0.942
1069,FALSE,0,1,rational,manual,0.01,1001,QV,0.5,0,FALSE,100,1,0.942
1195,FALSE,0,1,rational,manual,0.01,1001,QV,0.5,0,FALSE,100,0.91,0.942
62,FALSE,0.02,1,rational,manual,0.01,1001,QV,0.5,0,FALSE,100,0.9,0.941
188,FALSE,0.02,1,rational,manual,0.01,1001,QV,0.5,0,FALSE,100,0.94,0.941
314,FALSE,0.02,1,rational,manual,0.01,1001,QV,0.5,0,FALSE,100,0.96,0.941
440,FALSE,0.02,1,rational,manual,0.01,1001,QV,0.5,0,FALSE,100,0.98,0.941
566,FALSE,0.02,1,rational,manual,0.01,1001,QV,0.5,0,FALSE,100,0.97,0.941
692,FALSE,0.02,1,rational,manual,0.01,1001,QV,0.5,0,FALSE,100,0.97,0.941
818,FALSE,0.02,1,rational,manual,0.01,1001,QV,0.5,0,FALSE,100,0.91,0.941
944,FALSE,0.02,1,rational,manual,0.01,1001,QV,0.5,0,FALSE,100,0.93,0.941
1070,FALSE,0.02,1,rational,manual,0.01,1001,QV,0.5,0,FALSE,100,0.96,0.941
1196,FALSE,0.02,1,rational,manual,0.01,1001,QV,0.5,0,FALSE,100,0.89,0.941
63,FALSE,0.04,1,rational,manual,0.01,1001,QV,0.5,0,FALSE,100,0.96,0.963
189,FALSE,0.04,1,rational,manual,0.01,1001,QV,0.5,0,FALSE,100,0.99,0.963
315,FALSE,0.04,1,rational,manual,0.01,1001,QV,0.5,0,FALSE,100,0.97,0.963
441,FALSE,0.04,1,rational,manual,0.01,1001,QV,0.5,0,FALSE,100,0.96,0.963
567,FALSE,0.04,1,rational,manual,0.01,1001,QV,0.5,0,FALSE,100,0.96,0.963
693,FALSE,0.04,1,rational,manual,0.01,1001,QV,0.5,0,FALSE,100,0.95,0.963
819,FALSE,0.04,1,rational,manual,0.01,1001,QV,0.5,0,FALSE,100,0.93,0.963
945,FALSE,0.04,1,rational,manual,0.01,1001,QV,0.5,0,FALSE,100,0.98,0.963
1071,FALSE,0.04,1,rational,manual,0.01,1001,QV,0.5,0,FALSE,100,0.96,0.963
1197,FALSE,0.04,1,rational,manual,0.01,1001,QV,0.5,0,FALSE,100,0.97,0.963
64,FALSE,0.06,1,rational,manual,0.01,1001,QV,0.5,0,FALSE,100,1,0.992
190,FALSE,0.06,1,rational,manual,0.01,1001,QV,0.5,0,FALSE,100,0.99,0.992
316,FALSE,0.06,1,rational,manual,0.01,1001,QV,0.5,0,FALSE,100,0.98,0.992
442,FALSE,0.06,1,rational,manual,0.01,1001,QV,0.5,0,FALSE,100,0.98,0.992
568,FALSE,0.06,1,rational,manual,0.01,1001,QV,0.5,0,FALSE,100,0.98,0.992
694,FALSE,0.06,1,rational,manual,0.01,1001,QV,0.5,0,FALSE,100,1,0.992
820,FALSE,0.06,1,rational,manual,0.01,1001,QV,0.5,0,FALSE,100,1,0.992
946,FALSE,0.06,1,rational,manual,0.01,1001,QV,0.5,0,FALSE,100,1,0.992
1072,FALSE,0.06,1,rational,manual,0.01,1001,QV,0.5,0,FALSE,100,0.99,0.992
1198,FALSE,0.06,1,rational,manual,0.01,1001,QV,0.5,0,FALSE,100,1,0.992
65,FALSE,0.08,1,rational,manual,0.01,1001,QV,0.5,0,FALSE,100,1,0.996
191,FALSE,0.08,1,rational,manual,0.01,1001,QV,0.5,0,FALSE,100,1,0.996
317,FALSE,0.08,1,rational,manual,0.01,1001,QV,0.5,0,FALSE,100,0.99,0.996
443,FALSE,0.08,1,rational,manual,0.01,1001,QV,0.5,0,FALSE,100,0.99,0.996
569,FALSE,0.08,1,rational,manual,0.01,1001,QV,0.5,0,FALSE,100,1,0.996
695,FALSE,0.08,1,rational,manual,0.01,1001,QV,0.5,0,FALSE,100,1,0.996
821,FALSE,0.08,1,rational,manual,0.01,1001,QV,0.5,0,FALSE,100,1,0.996
947,FALSE,0.08,1,rational,manual,0.01,1001,QV,0.5,0,FALSE,100,0.99,0.996
1073,FALSE,0.08,1,rational,manual,0.01,1001,QV,0.5,0,FALSE,100,1,0.996
1199,FALSE,0.08,1,rational,manual,0.01,1001,QV,0.5,0,FALSE,100,0.99,0.996
66,FALSE,0.1,1,rational,manual,0.01,1001,QV,0.5,0,FALSE,100,1,1
192,FALSE,0.1,1,rational,manual,0.01,1001,QV,0.5,0,FALSE,100,1,1
318,FALSE,0.1,1,rational,manual,0.01,1001,QV,0.5,0,FALSE,100,1,1
444,FALSE,0.1,1,rational,manual,0.01,1001,QV,0.5,0,FALSE,100,1,1
570,FALSE,0.1,1,rational,manual,0.01,1001,QV,0.5,0,FALSE,100,1,1
696,FALSE,0.1,1,rational,manual,0.01,1001,QV,0.5,0,FALSE,100,1,1
822,FALSE,0.1,1,rational,manual,0.01,1001,QV,0.5,0,FALSE,100,1,1
948,FALSE,0.1,1,rational,manual,0.01,1001,QV,0.5,0,FALSE,100,1,1
1074,FALSE,0.1,1,rational,manual,0.01,1001,QV,0.5,0,FALSE,100,1,1
1200,FALSE,0.1,1,rational,manual,0.01,1001,QV,0.5,0,FALSE,100,1,1
67,FALSE,0,1,rational,manual,0.01,1001,QV,0.5,0.1,FALSE,100,0.95,0.942
193,FALSE,0,1,rational,manual,0.01,1001,QV,0.5,0.1,FALSE,100,0.95,0.942
319,FALSE,0,1,rational,manual,0.01,1001,QV,0.5,0.1,FALSE,100,0.94,0.942
445,FALSE,0,1,rational,manual,0.01,1001,QV,0.5,0.1,FALSE,100,0.95,0.942
571,FALSE,0,1,rational,manual,0.01,1001,QV,0.5,0.1,FALSE,100,0.99,0.942
697,FALSE,0,1,rational,manual,0.01,1001,QV,0.5,0.1,FALSE,100,0.95,0.942
823,FALSE,0,1,rational,manual,0.01,1001,QV,0.5,0.1,FALSE,100,0.92,0.942
949,FALSE,0,1,rational,manual,0.01,1001,QV,0.5,0.1,FALSE,100,0.9,0.942
1075,FALSE,0,1,rational,manual,0.01,1001,QV,0.5,0.1,FALSE,100,0.93,0.942
1201,FALSE,0,1,rational,manual,0.01,1001,QV,0.5,0.1,FALSE,100,0.94,0.942
68,FALSE,0.02,1,rational,manual,0.01,1001,QV,0.5,0.1,FALSE,100,0.95,0.955
194,FALSE,0.02,1,rational,manual,0.01,1001,QV,0.5,0.1,FALSE,100,0.98,0.955
320,FALSE,0.02,1,rational,manual,0.01,1001,QV,0.5,0.1,FALSE,100,0.95,0.955
446,FALSE,0.02,1,rational,manual,0.01,1001,QV,0.5,0.1,FALSE,100,0.95,0.955
572,FALSE,0.02,1,rational,manual,0.01,1001,QV,0.5,0.1,FALSE,100,0.95,0.955
698,FALSE,0.02,1,rational,manual,0.01,1001,QV,0.5,0.1,FALSE,100,0.92,0.955
824,FALSE,0.02,1,rational,manual,0.01,1001,QV,0.5,0.1,FALSE,100,0.96,0.955
950,FALSE,0.02,1,rational,manual,0.01,1001,QV,0.5,0.1,FALSE,100,0.97,0.955
1076,FALSE,0.02,1,rational,manual,0.01,1001,QV,0.5,0.1,FALSE,100,0.98,0.955
1202,FALSE,0.02,1,rational,manual,0.01,1001,QV,0.5,0.1,FALSE,100,0.94,0.955
69,FALSE,0.04,1,rational,manual,0.01,1001,QV,0.5,0.1,FALSE,100,0.98,0.967
195,FALSE,0.04,1,rational,manual,0.01,1001,QV,0.5,0.1,FALSE,100,0.99,0.967
321,FALSE,0.04,1,rational,manual,0.01,1001,QV,0.5,0.1,FALSE,100,0.97,0.967
447,FALSE,0.04,1,rational,manual,0.01,1001,QV,0.5,0.1,FALSE,100,0.96,0.967
573,FALSE,0.04,1,rational,manual,0.01,1001,QV,0.5,0.1,FALSE,100,0.96,0.967
699,FALSE,0.04,1,rational,manual,0.01,1001,QV,0.5,0.1,FALSE,100,0.96,0.967
825,FALSE,0.04,1,rational,manual,0.01,1001,QV,0.5,0.1,FALSE,100,0.94,0.967
951,FALSE,0.04,1,rational,manual,0.01,1001,QV,0.5,0.1,FALSE,100,0.96,0.967
1077,FALSE,0.04,1,rational,manual,0.01,1001,QV,0.5,0.1,FALSE,100,0.97,0.967
1203,FALSE,0.04,1,rational,manual,0.01,1001,QV,0.5,0.1,FALSE,100,0.98,0.967
70,FALSE,0.06,1,rational,manual,0.01,1001,QV,0.5,0.1,FALSE,100,1,0.992
196,FALSE,0.06,1,rational,manual,0.01,1001,QV,0.5,0.1,FALSE,100,1,0.992
322,FALSE,0.06,1,rational,manual,0.01,1001,QV,0.5,0.1,FALSE,100,0.99,0.992
448,FALSE,0.06,1,rational,manual,0.01,1001,QV,0.5,0.1,FALSE,100,0.99,0.992
574,FALSE,0.06,1,rational,manual,0.01,1001,QV,0.5,0.1,FALSE,100,0.99,0.992
700,FALSE,0.06,1,rational,manual,0.01,1001,QV,0.5,0.1,FALSE,100,0.98,0.992
826,FALSE,0.06,1,rational,manual,0.01,1001,QV,0.5,0.1,FALSE,100,0.99,0.992
952,FALSE,0.06,1,rational,manual,0.01,1001,QV,0.5,0.1,FALSE,100,0.99,0.992
1078,FALSE,0.06,1,rational,manual,0.01,1001,QV,0.5,0.1,FALSE,100,1,0.992
1204,FALSE,0.06,1,rational,manual,0.01,1001,QV,0.5,0.1,FALSE,100,0.99,0.992
71,FALSE,0.08,1,rational,manual,0.01,1001,QV,0.5,0.1,FALSE,100,1,0.999
197,FALSE,0.08,1,rational,manual,0.01,1001,QV,0.5,0.1,FALSE,100,1,0.999
323,FALSE,0.08,1,rational,manual,0.01,1001,QV,0.5,0.1,FALSE,100,1,0.999
449,FALSE,0.08,1,rational,manual,0.01,1001,QV,0.5,0.1,FALSE,100,1,0.999
575,FALSE,0.08,1,rational,manual,0.01,1001,QV,0.5,0.1,FALSE,100,1,0.999
701,FALSE,0.08,1,rational,manual,0.01,1001,QV,0.5,0.1,FALSE,100,1,0.999
827,FALSE,0.08,1,rational,manual,0.01,1001,QV,0.5,0.1,FALSE,100,1,0.999
953,FALSE,0.08,1,rational,manual,0.01,1001,QV,0.5,0.1,FALSE,100,0.99,0.999
1079,FALSE,0.08,1,rational,manual,0.01,1001,QV,0.5,0.1,FALSE,100,1,0.999
1205,FALSE,0.08,1,rational,manual,0.01,1001,QV,0.5,0.1,FALSE,100,1,0.999
72,FALSE,0.1,1,rational,manual,0.01,1001,QV,0.5,0.1,FALSE,100,1,0.999
198,FALSE,0.1,1,rational,manual,0.01,1001,QV,0.5,0.1,FALSE,100,1,0.999
324,FALSE,0.1,1,rational,manual,0.01,1001,QV,0.5,0.1,FALSE,100,1,0.999
450,FALSE,0.1,1,rational,manual,0.01,1001,QV,0.5,0.1,FALSE,100,1,0.999
576,FALSE,0.1,1,rational,manual,0.01,1001,QV,0.5,0.1,FALSE,100,1,0.999
702,FALSE,0.1,1,rational,manual,0.01,1001,QV,0.5,0.1,FALSE,100,1,0.999
828,FALSE,0.1,1,rational,manual,0.01,1001,QV,0.5,0.1,FALSE,100,1,0.999
954,FALSE,0.1,1,rational,manual,0.01,1001,QV,0.5,0.1,FALSE,100,1,0.999
1080,FALSE,0.1,1,rational,manual,0.01,1001,QV,0.5,0.1,FALSE,100,1,0.999
1206,FALSE,0.1,1,rational,manual,0.01,1001,QV,0.5,0.1,FALSE,100,0.99,0.999
73,FALSE,0,1,rational,manual,0.01,1001,QV,0.5,0.2,FALSE,100,0.92,0.954
199,FALSE,0,1,rational,manual,0.01,1001,QV,0.5,0.2,FALSE,100,0.96,0.954
325,FALSE,0,1,rational,manual,0.01,1001,QV,0.5,0.2,FALSE,100,0.95,0.954
451,FALSE,0,1,rational,manual,0.01,1001,QV,0.5,0.2,FALSE,100,0.96,0.954
577,FALSE,0,1,rational,manual,0.01,1001,QV,0.5,0.2,FALSE,100,0.94,0.954
703,FALSE,0,1,rational,manual,0.01,1001,QV,0.5,0.2,FALSE,100,0.99,0.954
829,FALSE,0,1,rational,manual,0.01,1001,QV,0.5,0.2,FALSE,100,0.95,0.954
955,FALSE,0,1,rational,manual,0.01,1001,QV,0.5,0.2,FALSE,100,0.97,0.954
1081,FALSE,0,1,rational,manual,0.01,1001,QV,0.5,0.2,FALSE,100,0.95,0.954
1207,FALSE,0,1,rational,manual,0.01,1001,QV,0.5,0.2,FALSE,100,0.95,0.954
74,FALSE,0.02,1,rational,manual,0.01,1001,QV,0.5,0.2,FALSE,100,0.97,0.958
200,FALSE,0.02,1,rational,manual,0.01,1001,QV,0.5,0.2,FALSE,100,0.96,0.958
326,FALSE,0.02,1,rational,manual,0.01,1001,QV,0.5,0.2,FALSE,100,0.94,0.958
452,FALSE,0.02,1,rational,manual,0.01,1001,QV,0.5,0.2,FALSE,100,0.95,0.958
578,FALSE,0.02,1,rational,manual,0.01,1001,QV,0.5,0.2,FALSE,100,0.96,0.958
704,FALSE,0.02,1,rational,manual,0.01,1001,QV,0.5,0.2,FALSE,100,0.97,0.958
830,FALSE,0.02,1,rational,manual,0.01,1001,QV,0.5,0.2,FALSE,100,0.95,0.958
956,FALSE,0.02,1,rational,manual,0.01,1001,QV,0.5,0.2,FALSE,100,0.97,0.958
1082,FALSE,0.02,1,rational,manual,0.01,1001,QV,0.5,0.2,FALSE,100,0.95,0.958
1208,FALSE,0.02,1,rational,manual,0.01,1001,QV,0.5,0.2,FALSE,100,0.96,0.958
75,FALSE,0.04,1,rational,manual,0.01,1001,QV,0.5,0.2,FALSE,100,0.98,0.977
201,FALSE,0.04,1,rational,manual,0.01,1001,QV,0.5,0.2,FALSE,100,0.97,0.977
327,FALSE,0.04,1,rational,manual,0.01,1001,QV,0.5,0.2,FALSE,100,0.99,0.977
453,FALSE,0.04,1,rational,manual,0.01,1001,QV,0.5,0.2,FALSE,100,0.96,0.977
579,FALSE,0.04,1,rational,manual,0.01,1001,QV,0.5,0.2,FALSE,100,0.99,0.977
705,FALSE,0.04,1,rational,manual,0.01,1001,QV,0.5,0.2,FALSE,100,1,0.977
831,FALSE,0.04,1,rational,manual,0.01,1001,QV,0.5,0.2,FALSE,100,0.94,0.977
957,FALSE,0.04,1,rational,manual,0.01,1001,QV,0.5,0.2,FALSE,100,0.98,0.977
1083,FALSE,0.04,1,rational,manual,0.01,1001,QV,0.5,0.2,FALSE,100,1,0.977
1209,FALSE,0.04,1,rational,manual,0.01,1001,QV,0.5,0.2,FALSE,100,0.96,0.977
76,FALSE,0.06,1,rational,manual,0.01,1001,QV,0.5,0.2,FALSE,100,1,0.992
202,FALSE,0.06,1,rational,manual,0.01,1001,QV,0.5,0.2,FALSE,100,0.97,0.992
328,FALSE,0.06,1,rational,manual,0.01,1001,QV,0.5,0.2,FALSE,100,0.99,0.992
454,FALSE,0.06,1,rational,manual,0.01,1001,QV,0.5,0.2,FALSE,100,1,0.992
580,FALSE,0.06,1,rational,manual,0.01,1001,QV,0.5,0.2,FALSE,100,1,0.992
706,FALSE,0.06,1,rational,manual,0.01,1001,QV,0.5,0.2,FALSE,100,0.99,0.992
832,FALSE,0.06,1,rational,manual,0.01,1001,QV,0.5,0.2,FALSE,100,0.99,0.992
958,FALSE,0.06,1,rational,manual,0.01,1001,QV,0.5,0.2,FALSE,100,1,0.992
1084,FALSE,0.06,1,rational,manual,0.01,1001,QV,0.5,0.2,FALSE,100,0.99,0.992
1210,FALSE,0.06,1,rational,manual,0.01,1001,QV,0.5,0.2,FALSE,100,0.99,0.992
77,FALSE,0.08,1,rational,manual,0.01,1001,QV,0.5,0.2,FALSE,100,1,0.997
203,FALSE,0.08,1,rational,manual,0.01,1001,QV,0.5,0.2,FALSE,100,1,0.997
329,FALSE,0.08,1,rational,manual,0.01,1001,QV,0.5,0.2,FALSE,100,1,0.997
455,FALSE,0.08,1,rational,manual,0.01,1001,QV,0.5,0.2,FALSE,100,0.99,0.997
581,FALSE,0.08,1,rational,manual,0.01,1001,QV,0.5,0.2,FALSE,100,1,0.997
707,FALSE,0.08,1,rational,manual,0.01,1001,QV,0.5,0.2,FALSE,100,0.99,0.997
833,FALSE,0.08,1,rational,manual,0.01,1001,QV,0.5,0.2,FALSE,100,1,0.997
959,FALSE,0.08,1,rational,manual,0.01,1001,QV,0.5,0.2,FALSE,100,0.99,0.997
1085,FALSE,0.08,1,rational,manual,0.01,1001,QV,0.5,0.2,FALSE,100,1,0.997
1211,FALSE,0.08,1,rational,manual,0.01,1001,QV,0.5,0.2,FALSE,100,1,0.997
78,FALSE,0.1,1,rational,manual,0.01,1001,QV,0.5,0.2,FALSE,100,1,0.999
204,FALSE,0.1,1,rational,manual,0.01,1001,QV,0.5,0.2,FALSE,100,1,0.999
330,FALSE,0.1,1,rational,manual,0.01,1001,QV,0.5,0.2,FALSE,100,1,0.999
456,FALSE,0.1,1,rational,manual,0.01,1001,QV,0.5,0.2,FALSE,100,1,0.999
582,FALSE,0.1,1,rational,manual,0.01,1001,QV,0.5,0.2,FALSE,100,1,0.999
708,FALSE,0.1,1,rational,manual,0.01,1001,QV,0.5,0.2,FALSE,100,1,0.999
834,FALSE,0.1,1,rational,manual,0.01,1001,QV,0.5,0.2,FALSE,100,1,0.999
960,FALSE,0.1,1,rational,manual,0.01,1001,QV,0.5,0.2,FALSE,100,0.99,0.999
1086,FALSE,0.1,1,rational,manual,0.01,1001,QV,0.5,0.2,FALSE,100,1,0.999
1212,FALSE,0.1,1,rational,manual,0.01,1001,QV,0.5,0.2,FALSE,100,1,0.999
79,FALSE,0,1,rational,manual,0.01,1001,QV,0.5,0.3,FALSE,100,0.97,0.96
205,FALSE,0,1,rational,manual,0.01,1001,QV,0.5,0.3,FALSE,100,0.96,0.96
331,FALSE,0,1,rational,manual,0.01,1001,QV,0.5,0.3,FALSE,100,0.94,0.96
457,FALSE,0,1,rational,manual,0.01,1001,QV,0.5,0.3,FALSE,100,0.96,0.96
583,FALSE,0,1,rational,manual,0.01,1001,QV,0.5,0.3,FALSE,100,0.96,0.96
709,FALSE,0,1,rational,manual,0.01,1001,QV,0.5,0.3,FALSE,100,0.96,0.96
835,FALSE,0,1,rational,manual,0.01,1001,QV,0.5,0.3,FALSE,100,0.93,0.96
961,FALSE,0,1,rational,manual,0.01,1001,QV,0.5,0.3,FALSE,100,0.96,0.96
1087,FALSE,0,1,rational,manual,0.01,1001,QV,0.5,0.3,FALSE,100,0.98,0.96
1213,FALSE,0,1,rational,manual,0.01,1001,QV,0.5,0.3,FALSE,100,0.98,0.96
80,FALSE,0.02,1,rational,manual,0.01,1001,QV,0.5,0.3,FALSE,100,0.98,0.967
206,FALSE,0.02,1,rational,manual,0.01,1001,QV,0.5,0.3,FALSE,100,0.96,0.967
332,FALSE,0.02,1,rational,manual,0.01,1001,QV,0.5,0.3,FALSE,100,0.99,0.967
458,FALSE,0.02,1,rational,manual,0.01,1001,QV,0.5,0.3,FALSE,100,0.95,0.967
584,FALSE,0.02,1,rational,manual,0.01,1001,QV,0.5,0.3,FALSE,100,0.95,0.967
710,FALSE,0.02,1,rational,manual,0.01,1001,QV,0.5,0.3,FALSE,100,0.96,0.967
836,FALSE,0.02,1,rational,manual,0.01,1001,QV,0.5,0.3,FALSE,100,0.98,0.967
962,FALSE,0.02,1,rational,manual,0.01,1001,QV,0.5,0.3,FALSE,100,0.96,0.967
1088,FALSE,0.02,1,rational,manual,0.01,1001,QV,0.5,0.3,FALSE,100,0.96,0.967
1214,FALSE,0.02,1,rational,manual,0.01,1001,QV,0.5,0.3,FALSE,100,0.98,0.967
81,FALSE,0.04,1,rational,manual,0.01,1001,QV,0.5,0.3,FALSE,100,0.97,0.986
207,FALSE,0.04,1,rational,manual,0.01,1001,QV,0.5,0.3,FALSE,100,1,0.986
333,FALSE,0.04,1,rational,manual,0.01,1001,QV,0.5,0.3,FALSE,100,0.99,0.986
459,FALSE,0.04,1,rational,manual,0.01,1001,QV,0.5,0.3,FALSE,100,0.98,0.986
585,FALSE,0.04,1,rational,manual,0.01,1001,QV,0.5,0.3,FALSE,100,0.98,0.986
711,FALSE,0.04,1,rational,manual,0.01,1001,QV,0.5,0.3,FALSE,100,0.99,0.986
837,FALSE,0.04,1,rational,manual,0.01,1001,QV,0.5,0.3,FALSE,100,0.99,0.986
963,FALSE,0.04,1,rational,manual,0.01,1001,QV,0.5,0.3,FALSE,100,0.98,0.986
1089,FALSE,0.04,1,rational,manual,0.01,1001,QV,0.5,0.3,FALSE,100,0.99,0.986
1215,FALSE,0.04,1,rational,manual,0.01,1001,QV,0.5,0.3,FALSE,100,0.99,0.986
82,FALSE,0.06,1,rational,manual,0.01,1001,QV,0.5,0.3,FALSE,100,1,0.985
208,FALSE,0.06,1,rational,manual,0.01,1001,QV,0.5,0.3,FALSE,100,0.98,0.985
334,FALSE,0.06,1,rational,manual,0.01,1001,QV,0.5,0.3,FALSE,100,0.97,0.985
460,FALSE,0.06,1,rational,manual,0.01,1001,QV,0.5,0.3,FALSE,100,1,0.985
586,FALSE,0.06,1,rational,manual,0.01,1001,QV,0.5,0.3,FALSE,100,1,0.985
712,FALSE,0.06,1,rational,manual,0.01,1001,QV,0.5,0.3,FALSE,100,1,0.985
838,FALSE,0.06,1,rational,manual,0.01,1001,QV,0.5,0.3,FALSE,100,0.97,0.985
964,FALSE,0.06,1,rational,manual,0.01,1001,QV,0.5,0.3,FALSE,100,0.98,0.985
1090,FALSE,0.06,1,rational,manual,0.01,1001,QV,0.5,0.3,FALSE,100,0.96,0.985
1216,FALSE,0.06,1,rational,manual,0.01,1001,QV,0.5,0.3,FALSE,100,0.99,0.985
83,FALSE,0.08,1,rational,manual,0.01,1001,QV,0.5,0.3,FALSE,100,0.99,0.993
209,FALSE,0.08,1,rational,manual,0.01,1001,QV,0.5,0.3,FALSE,100,1,0.993
335,FALSE,0.08,1,rational,manual,0.01,1001,QV,0.5,0.3,FALSE,100,1,0.993
461,FALSE,0.08,1,rational,manual,0.01,1001,QV,0.5,0.3,FALSE,100,0.98,0.993
587,FALSE,0.08,1,rational,manual,0.01,1001,QV,0.5,0.3,FALSE,100,1,0.993
713,FALSE,0.08,1,rational,manual,0.01,1001,QV,0.5,0.3,FALSE,100,0.98,0.993
839,FALSE,0.08,1,rational,manual,0.01,1001,QV,0.5,0.3,FALSE,100,1,0.993
965,FALSE,0.08,1,rational,manual,0.01,1001,QV,0.5,0.3,FALSE,100,0.99,0.993
1091,FALSE,0.08,1,rational,manual,0.01,1001,QV,0.5,0.3,FALSE,100,0.99,0.993
1217,FALSE,0.08,1,rational,manual,0.01,1001,QV,0.5,0.3,FALSE,100,1,0.993
84,FALSE,0.1,1,rational,manual,0.01,1001,QV,0.5,0.3,FALSE,100,0.99,0.998
210,FALSE,0.1,1,rational,manual,0.01,1001,QV,0.5,0.3,FALSE,100,1,0.998
336,FALSE,0.1,1,rational,manual,0.01,1001,QV,0.5,0.3,FALSE,100,1,0.998
462,FALSE,0.1,1,rational,manual,0.01,1001,QV,0.5,0.3,FALSE,100,0.99,0.998
588,FALSE,0.1,1,rational,manual,0.01,1001,QV,0.5,0.3,FALSE,100,1,0.998
714,FALSE,0.1,1,rational,manual,0.01,1001,QV,0.5,0.3,FALSE,100,1,0.998
840,FALSE,0.1,1,rational,manual,0.01,1001,QV,0.5,0.3,FALSE,100,1,0.998
966,FALSE,0.1,1,rational,manual,0.01,1001,QV,0.5,0.3,FALSE,100,1,0.998
1092,FALSE,0.1,1,rational,manual,0.01,1001,QV,0.5,0.3,FALSE,100,1,0.998
1218,FALSE,0.1,1,rational,manual,0.01,1001,QV,0.5,0.3,FALSE,100,1,0.998
85,FALSE,0,1,rational,manual,0.01,1001,QV,0.5,0.4,FALSE,100,0.94,0.977
211,FALSE,0,1,rational,manual,0.01,1001,QV,0.5,0.4,FALSE,100,0.99,0.977
337,FALSE,0,1,rational,manual,0.01,1001,QV,0.5,0.4,FALSE,100,0.96,0.977
463,FALSE,0,1,rational,manual,0.01,1001,QV,0.5,0.4,FALSE,100,0.98,0.977
589,FALSE,0,1,rational,manual,0.01,1001,QV,0.5,0.4,FALSE,100,0.98,0.977
715,FALSE,0,1,rational,manual,0.01,1001,QV,0.5,0.4,FALSE,100,0.99,0.977
841,FALSE,0,1,rational,manual,0.01,1001,QV,0.5,0.4,FALSE,100,0.96,0.977
967,FALSE,0,1,rational,manual,0.01,1001,QV,0.5,0.4,FALSE,100,0.98,0.977
1093,FALSE,0,1,rational,manual,0.01,1001,QV,0.5,0.4,FALSE,100,0.99,0.977
1219,FALSE,0,1,rational,manual,0.01,1001,QV,0.5,0.4,FALSE,100,1,0.977
86,FALSE,0.02,1,rational,manual,0.01,1001,QV,0.5,0.4,FALSE,100,0.96,0.968
212,FALSE,0.02,1,rational,manual,0.01,1001,QV,0.5,0.4,FALSE,100,0.98,0.968
338,FALSE,0.02,1,rational,manual,0.01,1001,QV,0.5,0.4,FALSE,100,0.97,0.968
464,FALSE,0.02,1,rational,manual,0.01,1001,QV,0.5,0.4,FALSE,100,0.97,0.968
590,FALSE,0.02,1,rational,manual,0.01,1001,QV,0.5,0.4,FALSE,100,0.96,0.968
716,FALSE,0.02,1,rational,manual,0.01,1001,QV,0.5,0.4,FALSE,100,0.96,0.968
842,FALSE,0.02,1,rational,manual,0.01,1001,QV,0.5,0.4,FALSE,100,0.94,0.968
968,FALSE,0.02,1,rational,manual,0.01,1001,QV,0.5,0.4,FALSE,100,0.96,0.968
1094,FALSE,0.02,1,rational,manual,0.01,1001,QV,0.5,0.4,FALSE,100,0.99,0.968
1220,FALSE,0.02,1,rational,manual,0.01,1001,QV,0.5,0.4,FALSE,100,0.99,0.968
87,FALSE,0.04,1,rational,manual,0.01,1001,QV,0.5,0.4,FALSE,100,0.97,0.978
213,FALSE,0.04,1,rational,manual,0.01,1001,QV,0.5,0.4,FALSE,100,0.99,0.978
339,FALSE,0.04,1,rational,manual,0.01,1001,QV,0.5,0.4,FALSE,100,0.98,0.978
465,FALSE,0.04,1,rational,manual,0.01,1001,QV,0.5,0.4,FALSE,100,0.98,0.978
591,FALSE,0.04,1,rational,manual,0.01,1001,QV,0.5,0.4,FALSE,100,0.96,0.978
717,FALSE,0.04,1,rational,manual,0.01,1001,QV,0.5,0.4,FALSE,100,0.99,0.978
843,FALSE,0.04,1,rational,manual,0.01,1001,QV,0.5,0.4,FALSE,100,0.97,0.978
969,FALSE,0.04,1,rational,manual,0.01,1001,QV,0.5,0.4,FALSE,100,0.96,0.978
1095,FALSE,0.04,1,rational,manual,0.01,1001,QV,0.5,0.4,FALSE,100,0.99,0.978
1221,FALSE,0.04,1,rational,manual,0.01,1001,QV,0.5,0.4,FALSE,100,0.99,0.978
88,FALSE,0.06,1,rational,manual,0.01,1001,QV,0.5,0.4,FALSE,100,0.99,0.99
214,FALSE,0.06,1,rational,manual,0.01,1001,QV,0.5,0.4,FALSE,100,0.99,0.99
340,FALSE,0.06,1,rational,manual,0.01,1001,QV,0.5,0.4,FALSE,100,0.99,0.99
466,FALSE,0.06,1,rational,manual,0.01,1001,QV,0.5,0.4,FALSE,100,0.98,0.99
592,FALSE,0.06,1,rational,manual,0.01,1001,QV,0.5,0.4,FALSE,100,0.99,0.99
718,FALSE,0.06,1,rational,manual,0.01,1001,QV,0.5,0.4,FALSE,100,0.99,0.99
844,FALSE,0.06,1,rational,manual,0.01,1001,QV,0.5,0.4,FALSE,100,1,0.99
970,FALSE,0.06,1,rational,manual,0.01,1001,QV,0.5,0.4,FALSE,100,0.99,0.99
1096,FALSE,0.06,1,rational,manual,0.01,1001,QV,0.5,0.4,FALSE,100,0.98,0.99
1222,FALSE,0.06,1,rational,manual,0.01,1001,QV,0.5,0.4,FALSE,100,1,0.99
89,FALSE,0.08,1,rational,manual,0.01,1001,QV,0.5,0.4,FALSE,100,1,0.998
215,FALSE,0.08,1,rational,manual,0.01,1001,QV,0.5,0.4,FALSE,100,1,0.998
341,FALSE,0.08,1,rational,manual,0.01,1001,QV,0.5,0.4,FALSE,100,1,0.998
467,FALSE,0.08,1,rational,manual,0.01,1001,QV,0.5,0.4,FALSE,100,1,0.998
593,FALSE,0.08,1,rational,manual,0.01,1001,QV,0.5,0.4,FALSE,100,1,0.998
719,FALSE,0.08,1,rational,manual,0.01,1001,QV,0.5,0.4,FALSE,100,1,0.998
845,FALSE,0.08,1,rational,manual,0.01,1001,QV,0.5,0.4,FALSE,100,1,0.998
971,FALSE,0.08,1,rational,manual,0.01,1001,QV,0.5,0.4,FALSE,100,0.99,0.998
1097,FALSE,0.08,1,rational,manual,0.01,1001,QV,0.5,0.4,FALSE,100,1,0.998
1223,FALSE,0.08,1,rational,manual,0.01,1001,QV,0.5,0.4,FALSE,100,0.99,0.998
90,FALSE,0.1,1,rational,manual,0.01,1001,QV,0.5,0.4,FALSE,100,1,1
216,FALSE,0.1,1,rational,manual,0.01,1001,QV,0.5,0.4,FALSE,100,1,1
342,FALSE,0.1,1,rational,manual,0.01,1001,QV,0.5,0.4,FALSE,100,1,1
468,FALSE,0.1,1,rational,manual,0.01,1001,QV,0.5,0.4,FALSE,100,1,1
594,FALSE,0.1,1,rational,manual,0.01,1001,QV,0.5,0.4,FALSE,100,1,1
720,FALSE,0.1,1,rational,manual,0.01,1001,QV,0.5,0.4,FALSE,100,1,1
846,FALSE,0.1,1,rational,manual,0.01,1001,QV,0.5,0.4,FALSE,100,1,1
972,FALSE,0.1,1,rational,manual,0.01,1001,QV,0.5,0.4,FALSE,100,1,1
1098,FALSE,0.1,1,rational,manual,0.01,1001,QV,0.5,0.4,FALSE,100,1,1
1224,FALSE,0.1,1,rational,manual,0.01,1001,QV,0.5,0.4,FALSE,100,1,1
91,FALSE,0,1,rational,manual,0.01,1001,QV,0.5,0.5,FALSE,100,0.96,0.975
217,FALSE,0,1,rational,manual,0.01,1001,QV,0.5,0.5,FALSE,100,0.99,0.975
343,FALSE,0,1,rational,manual,0.01,1001,QV,0.5,0.5,FALSE,100,0.99,0.975
469,FALSE,0,1,rational,manual,0.01,1001,QV,0.5,0.5,FALSE,100,0.96,0.975
595,FALSE,0,1,rational,manual,0.01,1001,QV,0.5,0.5,FALSE,100,0.97,0.975
721,FALSE,0,1,rational,manual,0.01,1001,QV,0.5,0.5,FALSE,100,0.99,0.975
847,FALSE,0,1,rational,manual,0.01,1001,QV,0.5,0.5,FALSE,100,0.98,0.975
973,FALSE,0,1,rational,manual,0.01,1001,QV,0.5,0.5,FALSE,100,0.96,0.975
1099,FALSE,0,1,rational,manual,0.01,1001,QV,0.5,0.5,FALSE,100,0.99,0.975
1225,FALSE,0,1,rational,manual,0.01,1001,QV,0.5,0.5,FALSE,100,0.96,0.975
92,FALSE,0.02,1,rational,manual,0.01,1001,QV,0.5,0.5,FALSE,100,0.99,0.974
218,FALSE,0.02,1,rational,manual,0.01,1001,QV,0.5,0.5,FALSE,100,0.94,0.974
344,FALSE,0.02,1,rational,manual,0.01,1001,QV,0.5,0.5,FALSE,100,0.97,0.974
470,FALSE,0.02,1,rational,manual,0.01,1001,QV,0.5,0.5,FALSE,100,0.97,0.974
596,FALSE,0.02,1,rational,manual,0.01,1001,QV,0.5,0.5,FALSE,100,0.99,0.974
722,FALSE,0.02,1,rational,manual,0.01,1001,QV,0.5,0.5,FALSE,100,0.98,0.974
848,FALSE,0.02,1,rational,manual,0.01,1001,QV,0.5,0.5,FALSE,100,0.98,0.974
974,FALSE,0.02,1,rational,manual,0.01,1001,QV,0.5,0.5,FALSE,100,0.96,0.974
1100,FALSE,0.02,1,rational,manual,0.01,1001,QV,0.5,0.5,FALSE,100,0.97,0.974
1226,FALSE,0.02,1,rational,manual,0.01,1001,QV,0.5,0.5,FALSE,100,0.99,0.974
93,FALSE,0.04,1,rational,manual,0.01,1001,QV,0.5,0.5,FALSE,100,0.95,0.971
219,FALSE,0.04,1,rational,manual,0.01,1001,QV,0.5,0.5,FALSE,100,0.99,0.971
345,FALSE,0.04,1,rational,manual,0.01,1001,QV,0.5,0.5,FALSE,100,0.98,0.971
471,FALSE,0.04,1,rational,manual,0.01,1001,QV,0.5,0.5,FALSE,100,0.97,0.971
597,FALSE,0.04,1,rational,manual,0.01,1001,QV,0.5,0.5,FALSE,100,0.95,0.971
723,FALSE,0.04,1,rational,manual,0.01,1001,QV,0.5,0.5,FALSE,100,0.99,0.971
849,FALSE,0.04,1,rational,manual,0.01,1001,QV,0.5,0.5,FALSE,100,0.98,0.971
975,FALSE,0.04,1,rational,manual,0.01,1001,QV,0.5,0.5,FALSE,100,0.96,0.971
1101,FALSE,0.04,1,rational,manual,0.01,1001,QV,0.5,0.5,FALSE,100,0.97,0.971
1227,FALSE,0.04,1,rational,manual,0.01,1001,QV,0.5,0.5,FALSE,100,0.97,0.971
94,FALSE,0.06,1,rational,manual,0.01,1001,QV,0.5,0.5,FALSE,100,1,0.994
220,FALSE,0.06,1,rational,manual,0.01,1001,QV,0.5,0.5,FALSE,100,1,0.994
346,FALSE,0.06,1,rational,manual,0.01,1001,QV,0.5,0.5,FALSE,100,0.97,0.994
472,FALSE,0.06,1,rational,manual,0.01,1001,QV,0.5,0.5,FALSE,100,1,0.994
598,FALSE,0.06,1,rational,manual,0.01,1001,QV,0.5,0.5,FALSE,100,1,0.994
724,FALSE,0.06,1,rational,manual,0.01,1001,QV,0.5,0.5,FALSE,100,1,0.994
850,FALSE,0.06,1,rational,manual,0.01,1001,QV,0.5,0.5,FALSE,100,0.99,0.994
976,FALSE,0.06,1,rational,manual,0.01,1001,QV,0.5,0.5,FALSE,100,1,0.994
1102,FALSE,0.06,1,rational,manual,0.01,1001,QV,0.5,0.5,FALSE,100,0.99,0.994
1228,FALSE,0.06,1,rational,manual,0.01,1001,QV,0.5,0.5,FALSE,100,0.99,0.994
95,FALSE,0.08,1,rational,manual,0.01,1001,QV,0.5,0.5,FALSE,100,1,0.995
221,FALSE,0.08,1,rational,manual,0.01,1001,QV,0.5,0.5,FALSE,100,0.98,0.995
347,FALSE,0.08,1,rational,manual,0.01,1001,QV,0.5,0.5,FALSE,100,1,0.995
473,FALSE,0.08,1,rational,manual,0.01,1001,QV,0.5,0.5,FALSE,100,0.99,0.995
599,FALSE,0.08,1,rational,manual,0.01,1001,QV,0.5,0.5,FALSE,100,0.99,0.995
725,FALSE,0.08,1,rational,manual,0.01,1001,QV,0.5,0.5,FALSE,100,1,0.995
851,FALSE,0.08,1,rational,manual,0.01,1001,QV,0.5,0.5,FALSE,100,1,0.995
977,FALSE,0.08,1,rational,manual,0.01,1001,QV,0.5,0.5,FALSE,100,1,0.995
1103,FALSE,0.08,1,rational,manual,0.01,1001,QV,0.5,0.5,FALSE,100,1,0.995
1229,FALSE,0.08,1,rational,manual,0.01,1001,QV,0.5,0.5,FALSE,100,0.99,0.995
96,FALSE,0.1,1,rational,manual,0.01,1001,QV,0.5,0.5,FALSE,100,1,0.999
222,FALSE,0.1,1,rational,manual,0.01,1001,QV,0.5,0.5,FALSE,100,1,0.999
348,FALSE,0.1,1,rational,manual,0.01,1001,QV,0.5,0.5,FALSE,100,0.99,0.999
474,FALSE,0.1,1,rational,manual,0.01,1001,QV,0.5,0.5,FALSE,100,1,0.999
600,FALSE,0.1,1,rational,manual,0.01,1001,QV,0.5,0.5,FALSE,100,1,0.999
726,FALSE,0.1,1,rational,manual,0.01,1001,QV,0.5,0.5,FALSE,100,1,0.999
852,FALSE,0.1,1,rational,manual,0.01,1001,QV,0.5,0.5,FALSE,100,1,0.999
978,FALSE,0.1,1,rational,manual,0.01,1001,QV,0.5,0.5,FALSE,100,1,0.999
1104,FALSE,0.1,1,rational,manual,0.01,1001,QV,0.5,0.5,FALSE,100,1,0.999
1230,FALSE,0.1,1,rational,manual,0.01,1001,QV,0.5,0.5,FALSE,100,1,0.999
97,FALSE,0,1,rational,manual,0.01,1001,QV,0.5,0.6,FALSE,100,0.97,0.972
223,FALSE,0,1,rational,manual,0.01,1001,QV,0.5,0.6,FALSE,100,0.95,0.972
349,FALSE,0,1,rational,manual,0.01,1001,QV,0.5,0.6,FALSE,100,0.99,0.972
475,FALSE,0,1,rational,manual,0.01,1001,QV,0.5,0.6,FALSE,100,0.98,0.972
601,FALSE,0,1,rational,manual,0.01,1001,QV,0.5,0.6,FALSE,100,0.99,0.972
727,FALSE,0,1,rational,manual,0.01,1001,QV,0.5,0.6,FALSE,100,0.97,0.972
853,FALSE,0,1,rational,manual,0.01,1001,QV,0.5,0.6,FALSE,100,0.95,0.972
979,FALSE,0,1,rational,manual,0.01,1001,QV,0.5,0.6,FALSE,100,0.98,0.972
1105,FALSE,0,1,rational,manual,0.01,1001,QV,0.5,0.6,FALSE,100,0.97,0.972
1231,FALSE,0,1,rational,manual,0.01,1001,QV,0.5,0.6,FALSE,100,0.97,0.972
98,FALSE,0.02,1,rational,manual,0.01,1001,QV,0.5,0.6,FALSE,100,0.96,0.957
224,FALSE,0.02,1,rational,manual,0.01,1001,QV,0.5,0.6,FALSE,100,0.98,0.957
350,FALSE,0.02,1,rational,manual,0.01,1001,QV,0.5,0.6,FALSE,100,0.93,0.957
476,FALSE,0.02,1,rational,manual,0.01,1001,QV,0.5,0.6,FALSE,100,0.94,0.957
602,FALSE,0.02,1,rational,manual,0.01,1001,QV,0.5,0.6,FALSE,100,0.96,0.957
728,FALSE,0.02,1,rational,manual,0.01,1001,QV,0.5,0.6,FALSE,100,0.95,0.957
854,FALSE,0.02,1,rational,manual,0.01,1001,QV,0.5,0.6,FALSE,100,0.97,0.957
980,FALSE,0.02,1,rational,manual,0.01,1001,QV,0.5,0.6,FALSE,100,0.97,0.957
1106,FALSE,0.02,1,rational,manual,0.01,1001,QV,0.5,0.6,FALSE,100,0.99,0.957
1232,FALSE,0.02,1,rational,manual,0.01,1001,QV,0.5,0.6,FALSE,100,0.92,0.957
99,FALSE,0.04,1,rational,manual,0.01,1001,QV,0.5,0.6,FALSE,100,0.99,0.981
225,FALSE,0.04,1,rational,manual,0.01,1001,QV,0.5,0.6,FALSE,100,0.99,0.981
351,FALSE,0.04,1,rational,manual,0.01,1001,QV,0.5,0.6,FALSE,100,0.99,0.981
477,FALSE,0.04,1,rational,manual,0.01,1001,QV,0.5,0.6,FALSE,100,0.98,0.981
603,FALSE,0.04,1,rational,manual,0.01,1001,QV,0.5,0.6,FALSE,100,0.99,0.981
729,FALSE,0.04,1,rational,manual,0.01,1001,QV,0.5,0.6,FALSE,100,0.98,0.981
855,FALSE,0.04,1,rational,manual,0.01,1001,QV,0.5,0.6,FALSE,100,0.99,0.981
981,FALSE,0.04,1,rational,manual,0.01,1001,QV,0.5,0.6,FALSE,100,0.98,0.981
1107,FALSE,0.04,1,rational,manual,0.01,1001,QV,0.5,0.6,FALSE,100,0.94,0.981
1233,FALSE,0.04,1,rational,manual,0.01,1001,QV,0.5,0.6,FALSE,100,0.98,0.981
100,FALSE,0.06,1,rational,manual,0.01,1001,QV,0.5,0.6,FALSE,100,0.98,0.982
226,FALSE,0.06,1,rational,manual,0.01,1001,QV,0.5,0.6,FALSE,100,0.93,0.982
352,FALSE,0.06,1,rational,manual,0.01,1001,QV,0.5,0.6,FALSE,100,1,0.982
478,FALSE,0.06,1,rational,manual,0.01,1001,QV,0.5,0.6,FALSE,100,1,0.982
604,FALSE,0.06,1,rational,manual,0.01,1001,QV,0.5,0.6,FALSE,100,1,0.982
730,FALSE,0.06,1,rational,manual,0.01,1001,QV,0.5,0.6,FALSE,100,0.99,0.982
856,FALSE,0.06,1,rational,manual,0.01,1001,QV,0.5,0.6,FALSE,100,0.97,0.982
982,FALSE,0.06,1,rational,manual,0.01,1001,QV,0.5,0.6,FALSE,100,0.99,0.982
1108,FALSE,0.06,1,rational,manual,0.01,1001,QV,0.5,0.6,FALSE,100,0.99,0.982
1234,FALSE,0.06,1,rational,manual,0.01,1001,QV,0.5,0.6,FALSE,100,0.97,0.982
101,FALSE,0.08,1,rational,manual,0.01,1001,QV,0.5,0.6,FALSE,100,1,0.995
227,FALSE,0.08,1,rational,manual,0.01,1001,QV,0.5,0.6,FALSE,100,1,0.995
353,FALSE,0.08,1,rational,manual,0.01,1001,QV,0.5,0.6,FALSE,100,0.98,0.995
479,FALSE,0.08,1,rational,manual,0.01,1001,QV,0.5,0.6,FALSE,100,1,0.995
605,FALSE,0.08,1,rational,manual,0.01,1001,QV,0.5,0.6,FALSE,100,1,0.995
731,FALSE,0.08,1,rational,manual,0.01,1001,QV,0.5,0.6,FALSE,100,0.97,0.995
857,FALSE,0.08,1,rational,manual,0.01,1001,QV,0.5,0.6,FALSE,100,1,0.995
983,FALSE,0.08,1,rational,manual,0.01,1001,QV,0.5,0.6,FALSE,100,1,0.995
1109,FALSE,0.08,1,rational,manual,0.01,1001,QV,0.5,0.6,FALSE,100,1,0.995
1235,FALSE,0.08,1,rational,manual,0.01,1001,QV,0.5,0.6,FALSE,100,1,0.995
102,FALSE,0.1,1,rational,manual,0.01,1001,QV,0.5,0.6,FALSE,100,1,0.999
228,FALSE,0.1,1,rational,manual,0.01,1001,QV,0.5,0.6,FALSE,100,1,0.999
354,FALSE,0.1,1,rational,manual,0.01,1001,QV,0.5,0.6,FALSE,100,1,0.999
480,FALSE,0.1,1,rational,manual,0.01,1001,QV,0.5,0.6,FALSE,100,1,0.999
606,FALSE,0.1,1,rational,manual,0.01,1001,QV,0.5,0.6,FALSE,100,1,0.999
732,FALSE,0.1,1,rational,manual,0.01,1001,QV,0.5,0.6,FALSE,100,1,0.999
858,FALSE,0.1,1,rational,manual,0.01,1001,QV,0.5,0.6,FALSE,100,0.99,0.999
984,FALSE,0.1,1,rational,manual,0.01,1001,QV,0.5,0.6,FALSE,100,1,0.999
1110,FALSE,0.1,1,rational,manual,0.01,1001,QV,0.5,0.6,FALSE,100,1,0.999
1236,FALSE,0.1,1,rational,manual,0.01,1001,QV,0.5,0.6,FALSE,100,1,0.999
103,FALSE,0,1,rational,manual,0.01,1001,QV,0.5,0.7,FALSE,100,0.97,0.968
229,FALSE,0,1,rational,manual,0.01,1001,QV,0.5,0.7,FALSE,100,0.96,0.968
355,FALSE,0,1,rational,manual,0.01,1001,QV,0.5,0.7,FALSE,100,0.98,0.968
481,FALSE,0,1,rational,manual,0.01,1001,QV,0.5,0.7,FALSE,100,0.98,0.968
607,FALSE,0,1,rational,manual,0.01,1001,QV,0.5,0.7,FALSE,100,0.97,0.968
733,FALSE,0,1,rational,manual,0.01,1001,QV,0.5,0.7,FALSE,100,0.96,0.968
859,FALSE,0,1,rational,manual,0.01,1001,QV,0.5,0.7,FALSE,100,0.97,0.968
985,FALSE,0,1,rational,manual,0.01,1001,QV,0.5,0.7,FALSE,100,0.96,0.968
1111,FALSE,0,1,rational,manual,0.01,1001,QV,0.5,0.7,FALSE,100,0.95,0.968
1237,FALSE,0,1,rational,manual,0.01,1001,QV,0.5,0.7,FALSE,100,0.98,0.968
104,FALSE,0.02,1,rational,manual,0.01,1001,QV,0.5,0.7,FALSE,100,0.97,0.977
230,FALSE,0.02,1,rational,manual,0.01,1001,QV,0.5,0.7,FALSE,100,0.99,0.977
356,FALSE,0.02,1,rational,manual,0.01,1001,QV,0.5,0.7,FALSE,100,1,0.977
482,FALSE,0.02,1,rational,manual,0.01,1001,QV,0.5,0.7,FALSE,100,1,0.977
608,FALSE,0.02,1,rational,manual,0.01,1001,QV,0.5,0.7,FALSE,100,0.96,0.977
734,FALSE,0.02,1,rational,manual,0.01,1001,QV,0.5,0.7,FALSE,100,0.94,0.977
860,FALSE,0.02,1,rational,manual,0.01,1001,QV,0.5,0.7,FALSE,100,0.98,0.977
986,FALSE,0.02,1,rational,manual,0.01,1001,QV,0.5,0.7,FALSE,100,0.96,0.977
1112,FALSE,0.02,1,rational,manual,0.01,1001,QV,0.5,0.7,FALSE,100,1,0.977
1238,FALSE,0.02,1,rational,manual,0.01,1001,QV,0.5,0.7,FALSE,100,0.97,0.977
105,FALSE,0.04,1,rational,manual,0.01,1001,QV,0.5,0.7,FALSE,100,0.98,0.97
231,FALSE,0.04,1,rational,manual,0.01,1001,QV,0.5,0.7,FALSE,100,0.97,0.97
357,FALSE,0.04,1,rational,manual,0.01,1001,QV,0.5,0.7,FALSE,100,0.97,0.97
483,FALSE,0.04,1,rational,manual,0.01,1001,QV,0.5,0.7,FALSE,100,1,0.97
609,FALSE,0.04,1,rational,manual,0.01,1001,QV,0.5,0.7,FALSE,100,0.96,0.97
735,FALSE,0.04,1,rational,manual,0.01,1001,QV,0.5,0.7,FALSE,100,0.96,0.97
861,FALSE,0.04,1,rational,manual,0.01,1001,QV,0.5,0.7,FALSE,100,0.97,0.97
987,FALSE,0.04,1,rational,manual,0.01,1001,QV,0.5,0.7,FALSE,100,0.93,0.97
1113,FALSE,0.04,1,rational,manual,0.01,1001,QV,0.5,0.7,FALSE,100,0.99,0.97
1239,FALSE,0.04,1,rational,manual,0.01,1001,QV,0.5,0.7,FALSE,100,0.97,0.97
106,FALSE,0.06,1,rational,manual,0.01,1001,QV,0.5,0.7,FALSE,100,0.99,0.989
232,FALSE,0.06,1,rational,manual,0.01,1001,QV,0.5,0.7,FALSE,100,0.98,0.989
358,FALSE,0.06,1,rational,manual,0.01,1001,QV,0.5,0.7,FALSE,100,0.99,0.989
484,FALSE,0.06,1,rational,manual,0.01,1001,QV,0.5,0.7,FALSE,100,1,0.989
610,FALSE,0.06,1,rational,manual,0.01,1001,QV,0.5,0.7,FALSE,100,0.99,0.989
736,FALSE,0.06,1,rational,manual,0.01,1001,QV,0.5,0.7,FALSE,100,1,0.989
862,FALSE,0.06,1,rational,manual,0.01,1001,QV,0.5,0.7,FALSE,100,0.99,0.989
988,FALSE,0.06,1,rational,manual,0.01,1001,QV,0.5,0.7,FALSE,100,0.98,0.989
1114,FALSE,0.06,1,rational,manual,0.01,1001,QV,0.5,0.7,FALSE,100,0.97,0.989
1240,FALSE,0.06,1,rational,manual,0.01,1001,QV,0.5,0.7,FALSE,100,1,0.989
107,FALSE,0.08,1,rational,manual,0.01,1001,QV,0.5,0.7,FALSE,100,0.98,0.994
233,FALSE,0.08,1,rational,manual,0.01,1001,QV,0.5,0.7,FALSE,100,1,0.994
359,FALSE,0.08,1,rational,manual,0.01,1001,QV,0.5,0.7,FALSE,100,0.99,0.994
485,FALSE,0.08,1,rational,manual,0.01,1001,QV,0.5,0.7,FALSE,100,1,0.994
611,FALSE,0.08,1,rational,manual,0.01,1001,QV,0.5,0.7,FALSE,100,1,0.994
737,FALSE,0.08,1,rational,manual,0.01,1001,QV,0.5,0.7,FALSE,100,0.99,0.994
863,FALSE,0.08,1,rational,manual,0.01,1001,QV,0.5,0.7,FALSE,100,0.99,0.994
989,FALSE,0.08,1,rational,manual,0.01,1001,QV,0.5,0.7,FALSE,100,1,0.994
1115,FALSE,0.08,1,rational,manual,0.01,1001,QV,0.5,0.7,FALSE,100,1,0.994
1241,FALSE,0.08,1,rational,manual,0.01,1001,QV,0.5,0.7,FALSE,100,0.99,0.994
108,FALSE,0.1,1,rational,manual,0.01,1001,QV,0.5,0.7,FALSE,100,1,0.999
234,FALSE,0.1,1,rational,manual,0.01,1001,QV,0.5,0.7,FALSE,100,0.99,0.999
360,FALSE,0.1,1,rational,manual,0.01,1001,QV,0.5,0.7,FALSE,100,1,0.999
486,FALSE,0.1,1,rational,manual,0.01,1001,QV,0.5,0.7,FALSE,100,1,0.999
612,FALSE,0.1,1,rational,manual,0.01,1001,QV,0.5,0.7,FALSE,100,1,0.999
738,FALSE,0.1,1,rational,manual,0.01,1001,QV,0.5,0.7,FALSE,100,1,0.999
864,FALSE,0.1,1,rational,manual,0.01,1001,QV,0.5,0.7,FALSE,100,1,0.999
990,FALSE,0.1,1,rational,manual,0.01,1001,QV,0.5,0.7,FALSE,100,1,0.999
1116,FALSE,0.1,1,rational,manual,0.01,1001,QV,0.5,0.7,FALSE,100,1,0.999
1242,FALSE,0.1,1,rational,manual,0.01,1001,QV,0.5,0.7,FALSE,100,1,0.999
109,FALSE,0,1,rational,manual,0.01,1001,QV,0.5,0.8,FALSE,100,0.98,0.974
235,FALSE,0,1,rational,manual,0.01,1001,QV,0.5,0.8,FALSE,100,0.97,0.974
361,FALSE,0,1,rational,manual,0.01,1001,QV,0.5,0.8,FALSE,100,0.99,0.974
487,FALSE,0,1,rational,manual,0.01,1001,QV,0.5,0.8,FALSE,100,0.95,0.974
613,FALSE,0,1,rational,manual,0.01,1001,QV,0.5,0.8,FALSE,100,0.99,0.974
739,FALSE,0,1,rational,manual,0.01,1001,QV,0.5,0.8,FALSE,100,0.95,0.974
865,FALSE,0,1,rational,manual,0.01,1001,QV,0.5,0.8,FALSE,100,0.97,0.974
991,FALSE,0,1,rational,manual,0.01,1001,QV,0.5,0.8,FALSE,100,0.99,0.974
1117,FALSE,0,1,rational,manual,0.01,1001,QV,0.5,0.8,FALSE,100,0.98,0.974
1243,FALSE,0,1,rational,manual,0.01,1001,QV,0.5,0.8,FALSE,100,0.97,0.974
110,FALSE,0.02,1,rational,manual,0.01,1001,QV,0.5,0.8,FALSE,100,0.97,0.979
236,FALSE,0.02,1,rational,manual,0.01,1001,QV,0.5,0.8,FALSE,100,0.98,0.979
362,FALSE,0.02,1,rational,manual,0.01,1001,QV,0.5,0.8,FALSE,100,0.99,0.979
488,FALSE,0.02,1,rational,manual,0.01,1001,QV,0.5,0.8,FALSE,100,0.98,0.979
614,FALSE,0.02,1,rational,manual,0.01,1001,QV,0.5,0.8,FALSE,100,0.97,0.979
740,FALSE,0.02,1,rational,manual,0.01,1001,QV,0.5,0.8,FALSE,100,0.98,0.979
866,FALSE,0.02,1,rational,manual,0.01,1001,QV,0.5,0.8,FALSE,100,1,0.979
992,FALSE,0.02,1,rational,manual,0.01,1001,QV,0.5,0.8,FALSE,100,0.98,0.979
1118,FALSE,0.02,1,rational,manual,0.01,1001,QV,0.5,0.8,FALSE,100,0.99,0.979
1244,FALSE,0.02,1,rational,manual,0.01,1001,QV,0.5,0.8,FALSE,100,0.95,0.979
111,FALSE,0.04,1,rational,manual,0.01,1001,QV,0.5,0.8,FALSE,100,0.97,0.974
237,FALSE,0.04,1,rational,manual,0.01,1001,QV,0.5,0.8,FALSE,100,0.99,0.974
363,FALSE,0.04,1,rational,manual,0.01,1001,QV,0.5,0.8,FALSE,100,0.99,0.974
489,FALSE,0.04,1,rational,manual,0.01,1001,QV,0.5,0.8,FALSE,100,0.95,0.974
615,FALSE,0.04,1,rational,manual,0.01,1001,QV,0.5,0.8,FALSE,100,0.95,0.974
741,FALSE,0.04,1,rational,manual,0.01,1001,QV,0.5,0.8,FALSE,100,0.95,0.974
867,FALSE,0.04,1,rational,manual,0.01,1001,QV,0.5,0.8,FALSE,100,0.98,0.974
993,FALSE,0.04,1,rational,manual,0.01,1001,QV,0.5,0.8,FALSE,100,0.99,0.974
1119,FALSE,0.04,1,rational,manual,0.01,1001,QV,0.5,0.8,FALSE,100,1,0.974
1245,FALSE,0.04,1,rational,manual,0.01,1001,QV,0.5,0.8,FALSE,100,0.97,0.974
112,FALSE,0.06,1,rational,manual,0.01,1001,QV,0.5,0.8,FALSE,100,0.99,0.981
238,FALSE,0.06,1,rational,manual,0.01,1001,QV,0.5,0.8,FALSE,100,0.99,0.981
364,FALSE,0.06,1,rational,manual,0.01,1001,QV,0.5,0.8,FALSE,100,0.98,0.981
490,FALSE,0.06,1,rational,manual,0.01,1001,QV,0.5,0.8,FALSE,100,0.98,0.981
616,FALSE,0.06,1,rational,manual,0.01,1001,QV,0.5,0.8,FALSE,100,0.98,0.981
742,FALSE,0.06,1,rational,manual,0.01,1001,QV,0.5,0.8,FALSE,100,0.99,0.981
868,FALSE,0.06,1,rational,manual,0.01,1001,QV,0.5,0.8,FALSE,100,0.97,0.981
994,FALSE,0.06,1,rational,manual,0.01,1001,QV,0.5,0.8,FALSE,100,0.98,0.981
1120,FALSE,0.06,1,rational,manual,0.01,1001,QV,0.5,0.8,FALSE,100,0.96,0.981
1246,FALSE,0.06,1,rational,manual,0.01,1001,QV,0.5,0.8,FALSE,100,0.99,0.981
113,FALSE,0.08,1,rational,manual,0.01,1001,QV,0.5,0.8,FALSE,100,0.98,0.994
239,FALSE,0.08,1,rational,manual,0.01,1001,QV,0.5,0.8,FALSE,100,1,0.994
365,FALSE,0.08,1,rational,manual,0.01,1001,QV,0.5,0.8,FALSE,100,0.99,0.994
491,FALSE,0.08,1,rational,manual,0.01,1001,QV,0.5,0.8,FALSE,100,1,0.994
617,FALSE,0.08,1,rational,manual,0.01,1001,QV,0.5,0.8,FALSE,100,0.99,0.994
743,FALSE,0.08,1,rational,manual,0.01,1001,QV,0.5,0.8,FALSE,100,1,0.994
869,FALSE,0.08,1,rational,manual,0.01,1001,QV,0.5,0.8,FALSE,100,1,0.994
995,FALSE,0.08,1,rational,manual,0.01,1001,QV,0.5,0.8,FALSE,100,0.98,0.994
1121,FALSE,0.08,1,rational,manual,0.01,1001,QV,0.5,0.8,FALSE,100,1,0.994
1247,FALSE,0.08,1,rational,manual,0.01,1001,QV,0.5,0.8,FALSE,100,1,0.994
114,FALSE,0.1,1,rational,manual,0.01,1001,QV,0.5,0.8,FALSE,100,1,0.998
240,FALSE,0.1,1,rational,manual,0.01,1001,QV,0.5,0.8,FALSE,100,1,0.998
366,FALSE,0.1,1,rational,manual,0.01,1001,QV,0.5,0.8,FALSE,100,1,0.998
492,FALSE,0.1,1,rational,manual,0.01,1001,QV,0.5,0.8,FALSE,100,1,0.998
618,FALSE,0.1,1,rational,manual,0.01,1001,QV,0.5,0.8,FALSE,100,1,0.998
744,FALSE,0.1,1,rational,manual,0.01,1001,QV,0.5,0.8,FALSE,100,1,0.998
870,FALSE,0.1,1,rational,manual,0.01,1001,QV,0.5,0.8,FALSE,100,0.99,0.998
996,FALSE,0.1,1,rational,manual,0.01,1001,QV,0.5,0.8,FALSE,100,0.99,0.998
1122,FALSE,0.1,1,rational,manual,0.01,1001,QV,0.5,0.8,FALSE,100,1,0.998
1248,FALSE,0.1,1,rational,manual,0.01,1001,QV,0.5,0.8,FALSE,100,1,0.998
115,FALSE,0,1,rational,manual,0.01,1001,QV,0.5,0.9,FALSE,100,0.98,0.974
241,FALSE,0,1,rational,manual,0.01,1001,QV,0.5,0.9,FALSE,100,0.96,0.974
367,FALSE,0,1,rational,manual,0.01,1001,QV,0.5,0.9,FALSE,100,0.98,0.974
493,FALSE,0,1,rational,manual,0.01,1001,QV,0.5,0.9,FALSE,100,0.99,0.974
619,FALSE,0,1,rational,manual,0.01,1001,QV,0.5,0.9,FALSE,100,0.95,0.974
745,FALSE,0,1,rational,manual,0.01,1001,QV,0.5,0.9,FALSE,100,0.97,0.974
871,FALSE,0,1,rational,manual,0.01,1001,QV,0.5,0.9,FALSE,100,0.98,0.974
997,FALSE,0,1,rational,manual,0.01,1001,QV,0.5,0.9,FALSE,100,0.99,0.974
1123,FALSE,0,1,rational,manual,0.01,1001,QV,0.5,0.9,FALSE,100,0.98,0.974
1249,FALSE,0,1,rational,manual,0.01,1001,QV,0.5,0.9,FALSE,100,0.96,0.974
116,FALSE,0.02,1,rational,manual,0.01,1001,QV,0.5,0.9,FALSE,100,0.98,0.971
242,FALSE,0.02,1,rational,manual,0.01,1001,QV,0.5,0.9,FALSE,100,0.98,0.971
368,FALSE,0.02,1,rational,manual,0.01,1001,QV,0.5,0.9,FALSE,100,0.95,0.971
494,FALSE,0.02,1,rational,manual,0.01,1001,QV,0.5,0.9,FALSE,100,0.94,0.971
620,FALSE,0.02,1,rational,manual,0.01,1001,QV,0.5,0.9,FALSE,100,0.96,0.971
746,FALSE,0.02,1,rational,manual,0.01,1001,QV,0.5,0.9,FALSE,100,0.98,0.971
872,FALSE,0.02,1,rational,manual,0.01,1001,QV,0.5,0.9,FALSE,100,0.97,0.971
998,FALSE,0.02,1,rational,manual,0.01,1001,QV,0.5,0.9,FALSE,100,0.99,0.971
1124,FALSE,0.02,1,rational,manual,0.01,1001,QV,0.5,0.9,FALSE,100,0.97,0.971
1250,FALSE,0.02,1,rational,manual,0.01,1001,QV,0.5,0.9,FALSE,100,0.99,0.971
117,FALSE,0.04,1,rational,manual,0.01,1001,QV,0.5,0.9,FALSE,100,0.98,0.969
243,FALSE,0.04,1,rational,manual,0.01,1001,QV,0.5,0.9,FALSE,100,0.98,0.969
369,FALSE,0.04,1,rational,manual,0.01,1001,QV,0.5,0.9,FALSE,100,0.98,0.969
495,FALSE,0.04,1,rational,manual,0.01,1001,QV,0.5,0.9,FALSE,100,0.96,0.969
621,FALSE,0.04,1,rational,manual,0.01,1001,QV,0.5,0.9,FALSE,100,0.97,0.969
747,FALSE,0.04,1,rational,manual,0.01,1001,QV,0.5,0.9,FALSE,100,0.93,0.969
873,FALSE,0.04,1,rational,manual,0.01,1001,QV,0.5,0.9,FALSE,100,0.94,0.969
999,FALSE,0.04,1,rational,manual,0.01,1001,QV,0.5,0.9,FALSE,100,0.98,0.969
1125,FALSE,0.04,1,rational,manual,0.01,1001,QV,0.5,0.9,FALSE,100,0.98,0.969
1251,FALSE,0.04,1,rational,manual,0.01,1001,QV,0.5,0.9,FALSE,100,0.99,0.969
118,FALSE,0.06,1,rational,manual,0.01,1001,QV,0.5,0.9,FALSE,100,0.97,0.981
244,FALSE,0.06,1,rational,manual,0.01,1001,QV,0.5,0.9,FALSE,100,0.96,0.981
370,FALSE,0.06,1,rational,manual,0.01,1001,QV,0.5,0.9,FALSE,100,0.98,0.981
496,FALSE,0.06,1,rational,manual,0.01,1001,QV,0.5,0.9,FALSE,100,0.99,0.981
622,FALSE,0.06,1,rational,manual,0.01,1001,QV,0.5,0.9,FALSE,100,0.97,0.981
748,FALSE,0.06,1,rational,manual,0.01,1001,QV,0.5,0.9,FALSE,100,0.96,0.981
874,FALSE,0.06,1,rational,manual,0.01,1001,QV,0.5,0.9,FALSE,100,0.98,0.981
1000,FALSE,0.06,1,rational,manual,0.01,1001,QV,0.5,0.9,FALSE,100,1,0.981
1126,FALSE,0.06,1,rational,manual,0.01,1001,QV,0.5,0.9,FALSE,100,1,0.981
1252,FALSE,0.06,1,rational,manual,0.01,1001,QV,0.5,0.9,FALSE,100,1,0.981
119,FALSE,0.08,1,rational,manual,0.01,1001,QV,0.5,0.9,FALSE,100,1,0.993
245,FALSE,0.08,1,rational,manual,0.01,1001,QV,0.5,0.9,FALSE,100,0.99,0.993
371,FALSE,0.08,1,rational,manual,0.01,1001,QV,0.5,0.9,FALSE,100,0.99,0.993
497,FALSE,0.08,1,rational,manual,0.01,1001,QV,0.5,0.9,FALSE,100,0.98,0.993
623,FALSE,0.08,1,rational,manual,0.01,1001,QV,0.5,0.9,FALSE,100,0.99,0.993
749,FALSE,0.08,1,rational,manual,0.01,1001,QV,0.5,0.9,FALSE,100,1,0.993
875,FALSE,0.08,1,rational,manual,0.01,1001,QV,0.5,0.9,FALSE,100,1,0.993
1001,FALSE,0.08,1,rational,manual,0.01,1001,QV,0.5,0.9,FALSE,100,0.99,0.993
1127,FALSE,0.08,1,rational,manual,0.01,1001,QV,0.5,0.9,FALSE,100,1,0.993
1253,FALSE,0.08,1,rational,manual,0.01,1001,QV,0.5,0.9,FALSE,100,0.99,0.993
120,FALSE,0.1,1,rational,manual,0.01,1001,QV,0.5,0.9,FALSE,100,1,0.997
246,FALSE,0.1,1,rational,manual,0.01,1001,QV,0.5,0.9,FALSE,100,1,0.997
372,FALSE,0.1,1,rational,manual,0.01,1001,QV,0.5,0.9,FALSE,100,1,0.997
498,FALSE,0.1,1,rational,manual,0.01,1001,QV,0.5,0.9,FALSE,100,0.99,0.997
624,FALSE,0.1,1,rational,manual,0.01,1001,QV,0.5,0.9,FALSE,100,1,0.997
750,FALSE,0.1,1,rational,manual,0.01,1001,QV,0.5,0.9,FALSE,100,0.99,0.997
876,FALSE,0.1,1,rational,manual,0.01,1001,QV,0.5,0.9,FALSE,100,1,0.997
1002,FALSE,0.1,1,rational,manual,0.01,1001,QV,0.5,0.9,FALSE,100,1,0.997
1128,FALSE,0.1,1,rational,manual,0.01,1001,QV,0.5,0.9,FALSE,100,0.99,0.997
1254,FALSE,0.1,1,rational,manual,0.01,1001,QV,0.5,0.9,FALSE,100,1,0.997
121,FALSE,0,1,rational,manual,0.01,1001,QV,0.5,1,FALSE,100,0.98,0.974
247,FALSE,0,1,rational,manual,0.01,1001,QV,0.5,1,FALSE,100,0.97,0.974
373,FALSE,0,1,rational,manual,0.01,1001,QV,0.5,1,FALSE,100,0.97,0.974
499,FALSE,0,1,rational,manual,0.01,1001,QV,0.5,1,FALSE,100,0.99,0.974
625,FALSE,0,1,rational,manual,0.01,1001,QV,0.5,1,FALSE,100,0.94,0.974
751,FALSE,0,1,rational,manual,0.01,1001,QV,0.5,1,FALSE,100,0.98,0.974
877,FALSE,0,1,rational,manual,0.01,1001,QV,0.5,1,FALSE,100,0.97,0.974
1003,FALSE,0,1,rational,manual,0.01,1001,QV,0.5,1,FALSE,100,0.98,0.974
1129,FALSE,0,1,rational,manual,0.01,1001,QV,0.5,1,FALSE,100,0.98,0.974
1255,FALSE,0,1,rational,manual,0.01,1001,QV,0.5,1,FALSE,100,0.98,0.974
122,FALSE,0.02,1,rational,manual,0.01,1001,QV,0.5,1,FALSE,100,0.97,0.969
248,FALSE,0.02,1,rational,manual,0.01,1001,QV,0.5,1,FALSE,100,0.98,0.969
374,FALSE,0.02,1,rational,manual,0.01,1001,QV,0.5,1,FALSE,100,0.93,0.969
500,FALSE,0.02,1,rational,manual,0.01,1001,QV,0.5,1,FALSE,100,0.96,0.969
626,FALSE,0.02,1,rational,manual,0.01,1001,QV,0.5,1,FALSE,100,0.99,0.969
752,FALSE,0.02,1,rational,manual,0.01,1001,QV,0.5,1,FALSE,100,0.95,0.969
878,FALSE,0.02,1,rational,manual,0.01,1001,QV,0.5,1,FALSE,100,0.98,0.969
1004,FALSE,0.02,1,rational,manual,0.01,1001,QV,0.5,1,FALSE,100,1,0.969
1130,FALSE,0.02,1,rational,manual,0.01,1001,QV,0.5,1,FALSE,100,0.96,0.969
1256,FALSE,0.02,1,rational,manual,0.01,1001,QV,0.5,1,FALSE,100,0.97,0.969
123,FALSE,0.04,1,rational,manual,0.01,1001,QV,0.5,1,FALSE,100,0.96,0.968
249,FALSE,0.04,1,rational,manual,0.01,1001,QV,0.5,1,FALSE,100,0.99,0.968
375,FALSE,0.04,1,rational,manual,0.01,1001,QV,0.5,1,FALSE,100,0.98,0.968
501,FALSE,0.04,1,rational,manual,0.01,1001,QV,0.5,1,FALSE,100,0.95,0.968
627,FALSE,0.04,1,rational,manual,0.01,1001,QV,0.5,1,FALSE,100,0.97,0.968
753,FALSE,0.04,1,rational,manual,0.01,1001,QV,0.5,1,FALSE,100,0.96,0.968
879,FALSE,0.04,1,rational,manual,0.01,1001,QV,0.5,1,FALSE,100,0.94,0.968
1005,FALSE,0.04,1,rational,manual,0.01,1001,QV,0.5,1,FALSE,100,0.97,0.968
1131,FALSE,0.04,1,rational,manual,0.01,1001,QV,0.5,1,FALSE,100,0.97,0.968
1257,FALSE,0.04,1,rational,manual,0.01,1001,QV,0.5,1,FALSE,100,0.99,0.968
124,FALSE,0.06,1,rational,manual,0.01,1001,QV,0.5,1,FALSE,100,0.98,0.973
250,FALSE,0.06,1,rational,manual,0.01,1001,QV,0.5,1,FALSE,100,1,0.973
376,FALSE,0.06,1,rational,manual,0.01,1001,QV,0.5,1,FALSE,100,0.98,0.973
502,FALSE,0.06,1,rational,manual,0.01,1001,QV,0.5,1,FALSE,100,0.97,0.973
628,FALSE,0.06,1,rational,manual,0.01,1001,QV,0.5,1,FALSE,100,0.98,0.973
754,FALSE,0.06,1,rational,manual,0.01,1001,QV,0.5,1,FALSE,100,0.94,0.973
880,FALSE,0.06,1,rational,manual,0.01,1001,QV,0.5,1,FALSE,100,0.96,0.973
1006,FALSE,0.06,1,rational,manual,0.01,1001,QV,0.5,1,FALSE,100,0.98,0.973
1132,FALSE,0.06,1,rational,manual,0.01,1001,QV,0.5,1,FALSE,100,0.97,0.973
1258,FALSE,0.06,1,rational,manual,0.01,1001,QV,0.5,1,FALSE,100,0.97,0.973
125,FALSE,0.08,1,rational,manual,0.01,1001,QV,0.5,1,FALSE,100,0.98,0.99
251,FALSE,0.08,1,rational,manual,0.01,1001,QV,0.5,1,FALSE,100,1,0.99
377,FALSE,0.08,1,rational,manual,0.01,1001,QV,0.5,1,FALSE,100,0.98,0.99
503,FALSE,0.08,1,rational,manual,0.01,1001,QV,0.5,1,FALSE,100,1,0.99
629,FALSE,0.08,1,rational,manual,0.01,1001,QV,0.5,1,FALSE,100,1,0.99
755,FALSE,0.08,1,rational,manual,0.01,1001,QV,0.5,1,FALSE,100,0.99,0.99
881,FALSE,0.08,1,rational,manual,0.01,1001,QV,0.5,1,FALSE,100,0.98,0.99
1007,FALSE,0.08,1,rational,manual,0.01,1001,QV,0.5,1,FALSE,100,0.98,0.99
1133,FALSE,0.08,1,rational,manual,0.01,1001,QV,0.5,1,FALSE,100,0.99,0.99
1259,FALSE,0.08,1,rational,manual,0.01,1001,QV,0.5,1,FALSE,100,1,0.99
126,FALSE,0.1,1,rational,manual,0.01,1001,QV,0.5,1,FALSE,100,0.98,0.998
252,FALSE,0.1,1,rational,manual,0.01,1001,QV,0.5,1,FALSE,100,1,0.998
378,FALSE,0.1,1,rational,manual,0.01,1001,QV,0.5,1,FALSE,100,1,0.998
504,FALSE,0.1,1,rational,manual,0.01,1001,QV,0.5,1,FALSE,100,1,0.998
630,FALSE,0.1,1,rational,manual,0.01,1001,QV,0.5,1,FALSE,100,1,0.998
756,FALSE,0.1,1,rational,manual,0.01,1001,QV,0.5,1,FALSE,100,1,0.998
882,FALSE,0.1,1,rational,manual,0.01,1001,QV,0.5,1,FALSE,100,1,0.998
1008,FALSE,0.1,1,rational,manual,0.01,1001,QV,0.5,1,FALSE,100,1,0.998
1134,FALSE,0.1,1,rational,manual,0.01,1001,QV,0.5,1,FALSE,100,1,0.998
1260,FALSE,0.1,1,rational,manual,0.01,1001,QV,0.5,1,FALSE,100,1,0.998
